L,N,d,r,seed,D_(MIS-1),D_MIS,MIS,Process time counter
21,353,0.8,4.473,0,7253037.0,172.0,23,7.25
21,353,0.8,4.473,1,17134523.0,4320.0,23,7.18
21,353,0.8,4.473,2,30704869.0,23380.0,23,6.98
21,353,0.8,4.473,3,75727880.0,27939.0,23,7.46
21,353,0.8,4.473,4,12989444.0,2480.0,23,6.78
21,353,0.8,4.473,5,32908182.0,27022.0,23,7.04
21,353,0.8,4.473,6,23747328.0,4084.0,23,6.71
21,353,0.8,4.473,7,1598567.0,116.0,23,7.27
21,353,0.8,4.473,8,8304180.0,640.0,23,7.13
21,353,0.8,4.473,9,364464.0,124.0,24,7.06
21,353,0.8,4.473,10,3818607.0,10.0,23,8.44
21,353,0.8,4.473,11,145728309.0,153908.0,23,6.51
21,353,0.8,4.473,12,52488035.0,18505.0,23,7.47
21,353,0.8,4.473,13,38457.0,3.0,24,6.7
21,353,0.8,4.473,14,183396280.0,161842.0,23,6.76
21,353,0.8,4.473,15,13720564.0,2172.0,23,7.61
21,353,0.8,4.473,16,2027402.0,1401.0,24,7.02
21,353,0.8,4.473,17,218483.0,50.0,24,7.12
21,353,0.8,4.473,18,974540.0,170.0,23,7.12
21,353,0.8,4.473,19,138977180.0,68050.0,23,7.92
21,353,0.8,4.473,20,22409016.0,4521.0,23,7.09
21,353,0.8,4.473,21,57686762.0,34471.0,23,7.11
21,353,0.8,4.473,22,69185278.0,32303.0,23,6.2
21,353,0.8,4.473,23,19538001.0,5865.0,23,6.75
21,353,0.8,4.473,24,2346166863.0,1194619.0,22,6.79
21,353,0.8,4.473,25,2184653730.0,731895.0,22,6.68
21,353,0.8,4.473,26,45774022.0,18396.0,23,6.49
21,353,0.8,4.473,27,45979056.0,10602.0,23,7.05
21,353,0.8,4.473,28,50122102.0,29015.0,23,7.47
21,353,0.8,4.473,29,55559116.0,16227.0,23,7.93
21,353,0.8,4.473,30,4687634353.0,2659673.0,22,7.02
21,353,0.8,4.473,31,15698613.0,1795.0,23,6.99
21,353,0.8,4.473,32,40848034.0,5314.0,23,6.37
21,353,0.8,4.473,33,35504594.0,14221.0,23,7.35
21,353,0.8,4.473,34,1224124.0,149.0,23,7.14
21,353,0.8,4.473,35,610788.0,387.0,24,6.92
21,353,0.8,4.473,36,48393583.0,22984.0,23,8.09
21,353,0.8,4.473,37,119982964.0,51654.0,23,8.38
21,353,0.8,4.473,38,315940.0,123.0,24,6.94
21,353,0.8,4.473,39,6230702.0,1252.0,23,7.1
21,353,0.8,4.473,40,15800320.0,9922.0,23,9.04
21,353,0.8,4.473,41,354572.0,176.0,24,8.5
21,353,0.8,4.473,42,21310084.0,5923.0,23,7.28
21,353,0.8,4.473,43,2332689885.0,1155546.0,22,6.91
21,353,0.8,4.473,44,19860935.0,5620.0,23,7.37
21,353,0.8,4.473,45,83577493.0,64888.0,23,7.35
21,353,0.8,4.473,46,11358642.0,4247.0,23,6.62
21,353,0.8,4.473,47,70066513.0,27383.0,23,7.04
21,353,0.8,4.473,48,68751248.0,15675.0,23,7.37
21,353,0.8,4.473,49,8457728.0,479.0,23,6.25
21,353,0.8,4.473,50,176314484.0,101542.0,23,7.8
21,353,0.8,4.473,51,1361437.0,832.0,24,7.33
21,353,0.8,4.473,52,449714.0,250.0,24,8.72
21,353,0.8,4.473,53,8700694.0,2234.0,23,7.62
21,353,0.8,4.473,54,102134265.0,69652.0,23,7.63
21,353,0.8,4.473,55,131434263.0,47271.0,23,6.68
21,353,0.8,4.473,56,706373.0,230.0,24,6.71
21,353,0.8,4.473,57,157331367.0,68516.0,23,7.59
21,353,0.8,4.473,58,44079469.0,9356.0,23,7.64
21,353,0.8,4.473,59,20090498.0,7361.0,23,7.37
21,353,0.8,4.473,60,159207.0,122.0,24,7.53
21,353,0.8,4.473,61,15379135.0,3586.0,23,7.14
21,353,0.8,4.473,62,35252179.0,12644.0,23,7.37
21,353,0.8,4.473,63,26806163.0,17435.0,23,6.8
21,353,0.8,4.473,64,3439139.0,15.0,23,9.69
21,353,0.8,4.473,65,136263.0,12.0,24,7.47
21,353,0.8,4.473,66,130023970.0,92843.0,23,7.23
21,353,0.8,4.473,67,32107284.0,11413.0,23,7.26
21,353,0.8,4.473,68,1657596.0,280.0,23,7.0
21,353,0.8,4.473,69,11596750.0,926.0,23,7.15
21,353,0.8,4.473,70,215549.0,98.0,24,7.94
21,353,0.8,4.473,71,7197641.0,138.0,23,7.15
21,353,0.8,4.473,72,1251661.0,12.0,23,6.71
21,353,0.8,4.473,73,22726628.0,6669.0,23,7.6
21,353,0.8,4.473,74,209379.0,9.0,24,7.04
21,353,0.8,4.473,75,13666278.0,3265.0,23,7.16
21,353,0.8,4.473,76,61040704.0,55478.0,23,7.13
21,353,0.8,4.473,77,3800820929.0,1616021.0,22,7.45
21,353,0.8,4.473,78,1076852579.0,625059.0,22,8.3
21,353,0.8,4.473,79,8926825.0,3681.0,23,7.43
21,353,0.8,4.473,80,59224036.0,30055.0,23,6.73
21,353,0.8,4.473,81,10507731.0,173.0,23,7.17
21,353,0.8,4.473,82,845457.0,394.0,24,7.5
21,353,0.8,4.473,83,5096866.0,1112.0,23,6.39
21,353,0.8,4.473,84,42077686.0,5978.0,23,7.05
21,353,0.8,4.473,85,1740955.0,496.0,23,6.9
21,353,0.8,4.473,86,30127561.0,16216.0,23,6.83
21,353,0.8,4.473,87,67851858.0,26474.0,23,7.11
21,353,0.8,4.473,88,1867228.0,59.0,23,7.43
21,353,0.8,4.473,89,29952355.0,6751.0,23,7.5
21,353,0.8,4.473,90,10336164.0,880.0,23,7.01
21,353,0.8,4.473,91,7837122.0,3086.0,23,6.77
21,353,0.8,4.473,92,11811800.0,1492.0,23,7.07
21,353,0.8,4.473,93,906672.0,549.0,24,6.76
21,353,0.8,4.473,94,564670.0,242.0,24,7.25
21,353,0.8,4.473,95,6604856.0,258.0,23,6.94
21,353,0.8,4.473,96,31759767.0,20180.0,23,6.96
21,353,0.8,4.473,97,75820923.0,20318.0,23,7.94
21,353,0.8,4.473,98,670130.0,493.0,24,7.09
21,353,0.8,4.473,99,13784678.0,1638.0,23,6.56
21,353,0.8,4.473,100,95071797.0,66560.0,23,6.81
21,353,0.8,4.473,101,3126424.0,45.0,23,6.84
21,353,0.8,4.473,102,73781181.0,55386.0,23,6.63
21,353,0.8,4.473,103,7932500.0,1358.0,23,7.46
21,353,0.8,4.473,104,574266.0,356.0,24,7.33
21,353,0.8,4.473,105,25940313.0,1982.0,23,7.49
21,353,0.8,4.473,106,51638340.0,16288.0,23,7.02
21,353,0.8,4.473,107,600448.0,291.0,24,6.67
21,353,0.8,4.473,108,32935450.0,4611.0,23,6.85
21,353,0.8,4.473,109,31743053.0,6675.0,23,7.16
21,353,0.8,4.473,110,55213576.0,23918.0,23,6.57
21,353,0.8,4.473,111,700368.0,25.0,23,7.45
21,353,0.8,4.473,112,290429.0,27.0,24,7.59
21,353,0.8,4.473,113,5975571.0,2124.0,23,6.35
21,353,0.8,4.473,114,360089.0,108.0,24,6.71
21,353,0.8,4.473,115,103137.0,14.0,24,6.94
21,353,0.8,4.473,116,36994525.0,9787.0,23,6.9
21,353,0.8,4.473,117,25827489.0,12002.0,23,7.01
21,353,0.8,4.473,118,40625393.0,11864.0,23,7.06
21,353,0.8,4.473,119,151297072.0,118018.0,23,7.71
21,353,0.8,4.473,120,12151484.0,728.0,23,7.39
21,353,0.8,4.473,121,4924295.0,126.0,23,8.12
21,353,0.8,4.473,122,7589737.0,12.0,23,7.38
21,353,0.8,4.473,123,217546297.0,204242.0,23,6.8
21,353,0.8,4.473,124,55186.0,10.0,24,7.52
21,353,0.8,4.473,125,61614233.0,27951.0,23,7.41
21,353,0.8,4.473,126,133270178.0,76666.0,23,7.18
21,353,0.8,4.473,127,3116318.0,144.0,23,7.39
21,353,0.8,4.473,128,6596390.0,492.0,23,6.97
21,353,0.8,4.473,129,49020.0,14.0,24,6.87
21,353,0.8,4.473,130,7259361.0,1467.0,23,6.64
21,353,0.8,4.473,131,75731181.0,44905.0,23,7.33
21,353,0.8,4.473,132,27776677.0,14872.0,23,6.5
21,353,0.8,4.473,133,417175.0,212.0,24,6.61
21,353,0.8,4.473,134,4807035.0,820.0,23,7.3
21,353,0.8,4.473,135,5576332.0,454.0,23,6.93
21,353,0.8,4.473,136,20921638.0,8498.0,23,7.47
21,353,0.8,4.473,137,42046145.0,18460.0,23,6.91
21,353,0.8,4.473,138,9218798.0,1016.0,23,7.7
21,353,0.8,4.473,139,109758.0,18.0,24,6.5
21,353,0.8,4.473,140,174268614.0,144791.0,23,7.52
21,353,0.8,4.473,141,20420409.0,2410.0,23,7.02
21,353,0.8,4.473,142,21446610.0,6858.0,23,6.52
21,353,0.8,4.473,143,210023.0,42.0,24,7.11
21,353,0.8,4.473,144,9890033.0,1281.0,23,6.47
21,353,0.8,4.473,145,72715.0,3.0,24,7.01
21,353,0.8,4.473,146,22114298.0,7654.0,23,6.89
21,353,0.8,4.473,147,7562598.0,714.0,23,6.95
21,353,0.8,4.473,148,306087.0,254.0,24,7.45
21,353,0.8,4.473,149,8311907.0,80.0,23,7.36
21,353,0.8,4.473,150,13041678.0,1936.0,23,6.6
21,353,0.8,4.473,151,834437.0,12.0,23,6.86
21,353,0.8,4.473,152,5247200.0,198.0,23,7.57
21,353,0.8,4.473,153,11180220.0,4030.0,23,6.9
21,353,0.8,4.473,154,144878397.0,110696.0,23,6.8
21,353,0.8,4.473,155,94663243.0,60017.0,23,7.04
21,353,0.8,4.473,156,1581660.0,84.0,23,7.3
21,353,0.8,4.473,157,6036271.0,708.0,23,8.11
21,353,0.8,4.473,158,25759030.0,4285.0,23,6.75
21,353,0.8,4.473,159,1049695.0,60.0,23,7.26
21,353,0.8,4.473,160,1191200.0,52.0,23,7.18
21,353,0.8,4.473,161,243313.0,9.0,24,7.02
21,353,0.8,4.473,162,183851.0,54.0,24,7.48
21,353,0.8,4.473,163,23656933.0,3096.0,23,7.07
21,353,0.8,4.473,164,54006762.0,22670.0,23,7.22
21,353,0.8,4.473,165,23962372.0,7346.0,23,6.86
21,353,0.8,4.473,166,1904139366.0,741370.0,22,6.94
21,353,0.8,4.473,167,30216658.0,7242.0,23,6.75
21,353,0.8,4.473,168,1162493504.0,521514.0,22,6.86
21,353,0.8,4.473,169,17414155.0,13103.0,23,6.62
21,353,0.8,4.473,170,16040951.0,2012.0,23,6.57
21,353,0.8,4.473,171,395882.0,56.0,24,7.39
21,353,0.8,4.473,172,35050694.0,13021.0,23,7.11
21,353,0.8,4.473,173,26354646.0,12132.0,23,7.1
21,353,0.8,4.473,174,232226.0,110.0,24,6.79
21,353,0.8,4.473,175,979718.0,6.0,23,8.26
21,353,0.8,4.473,176,265080.0,126.0,24,7.21
21,353,0.8,4.473,177,357357.0,200.0,24,6.98
21,353,0.8,4.473,178,3092331.0,8.0,23,7.16
21,353,0.8,4.473,179,121974512.0,64911.0,23,7.12
21,353,0.8,4.473,180,184978.0,74.0,24,6.72
21,353,0.8,4.473,181,1076838.0,12.0,23,6.32
21,353,0.8,4.473,182,2055978.0,26.0,23,7.59
21,353,0.8,4.473,183,8020426.0,2368.0,23,6.5
21,353,0.8,4.473,184,13623666.0,144.0,23,7.69
21,353,0.8,4.473,185,9722318.0,1732.0,23,6.58
21,353,0.8,4.473,186,33391677.0,33523.0,23,6.1
21,353,0.8,4.473,187,3223158.0,324.0,23,6.88
21,353,0.8,4.473,188,14953029.0,2332.0,23,7.45
21,353,0.8,4.473,189,20075515.0,9648.0,23,6.95
21,353,0.8,4.473,190,13929329.0,1763.0,23,7.42
21,353,0.8,4.473,191,23831444.0,15226.0,23,7.06
21,353,0.8,4.473,192,39604887.0,33939.0,23,7.36
21,353,0.8,4.473,193,1280025.0,51.0,23,7.38
21,353,0.8,4.473,194,8356719.0,3920.0,23,7.53
21,353,0.8,4.473,195,26873742.0,27635.0,23,6.96
21,353,0.8,4.473,196,35986204.0,9264.0,23,8.02
21,353,0.8,4.473,197,33297004.0,12854.0,23,6.87
21,353,0.8,4.473,198,1892200.0,234.0,23,7.1
21,353,0.8,4.473,199,10196873.0,1198.0,23,7.19
21,353,0.8,4.473,200,155317680.0,88297.0,23,6.87
21,353,0.8,4.473,201,62448.0,14.0,24,7.0
21,353,0.8,4.473,202,1383753.0,12.0,23,7.33
21,353,0.8,4.473,203,10080251.0,4127.0,23,6.35
21,353,0.8,4.473,204,10224987.0,1620.0,23,7.86
21,353,0.8,4.473,205,107447092.0,59852.0,23,7.43
21,353,0.8,4.473,206,1030027.0,566.0,24,7.2
21,353,0.8,4.473,207,4606824.0,147.0,23,6.47
21,353,0.8,4.473,208,27437549.0,11675.0,23,6.67
21,353,0.8,4.473,209,899576.0,418.0,24,7.02
21,353,0.8,4.473,210,584649.0,167.0,24,7.06
21,353,0.8,4.473,211,44496691.0,23249.0,23,7.75
21,353,0.8,4.473,212,1618370.0,12.0,23,6.85
21,353,0.8,4.473,213,1418676.0,123.0,23,7.38
21,353,0.8,4.473,214,137606698.0,75267.0,23,7.14
21,353,0.8,4.473,215,13726602.0,2502.0,23,7.3
21,353,0.8,4.473,216,180666.0,42.0,24,7.09
21,353,0.8,4.473,217,21686.0,4.0,24,7.39
21,353,0.8,4.473,218,38640824.0,36967.0,23,7.34
21,353,0.8,4.473,219,5258398.0,198.0,23,6.6
21,353,0.8,4.473,220,9553339.0,5626.0,23,7.12
21,353,0.8,4.473,221,10665293.0,1606.0,23,6.09
21,353,0.8,4.473,222,463456.0,263.0,24,6.99
21,353,0.8,4.473,223,156684.0,54.0,24,7.12
21,353,0.8,4.473,224,65225287.0,36068.0,23,7.18
21,353,0.8,4.473,225,123352646.0,92108.0,23,6.43
21,353,0.8,4.473,226,10470210.0,1968.0,23,7.16
21,353,0.8,4.473,227,15362849.0,6390.0,23,6.46
21,353,0.8,4.473,228,31213565.0,11266.0,23,7.35
21,353,0.8,4.473,229,12455474.0,4944.0,23,7.63
21,353,0.8,4.473,230,21270174.0,3564.0,23,7.4
21,353,0.8,4.473,231,64172376.0,49921.0,23,6.96
21,353,0.8,4.473,232,9308067.0,1770.0,23,6.5
21,353,0.8,4.473,233,3330338577.0,2753393.0,22,7.58
21,353,0.8,4.473,234,8285334.0,458.0,23,7.27
21,353,0.8,4.473,235,2067292.0,525.0,23,6.99
21,353,0.8,4.473,236,3673454.0,652.0,23,6.67
21,353,0.8,4.473,237,50292369.0,35816.0,23,6.92
21,353,0.8,4.473,238,3412171.0,2.0,23,6.91
21,353,0.8,4.473,239,32606200.0,9249.0,23,6.73
21,353,0.8,4.473,240,45017508.0,13848.0,23,7.34
21,353,0.8,4.473,241,17920963.0,9898.0,23,7.76
21,353,0.8,4.473,242,560704.0,466.0,24,7.52
21,353,0.8,4.473,243,30837059.0,12842.0,23,6.74
21,353,0.8,4.473,244,361746.0,20.0,24,6.8
21,353,0.8,4.473,245,19713058.0,8740.0,23,7.71
21,353,0.8,4.473,246,61407178.0,25181.0,23,6.74
21,353,0.8,4.473,247,60543231.0,28609.0,23,6.65
21,353,0.8,4.473,248,8209017.0,617.0,23,7.99
21,353,0.8,4.473,249,14303611.0,1008.0,23,6.72
21,353,0.8,4.473,250,82358.0,9.0,24,7.32
21,353,0.8,4.473,251,16152608.0,3482.0,23,6.93
21,353,0.8,4.473,252,55614.0,6.0,24,7.12
21,353,0.8,4.473,253,19401357.0,1414.0,23,7.85
21,353,0.8,4.473,254,50263940.0,14963.0,23,7.82
21,353,0.8,4.473,255,375255.0,179.0,24,6.86
21,353,0.8,4.473,256,412153.0,54.0,24,6.99
21,353,0.8,4.473,257,17777693.0,12826.0,23,7.0
21,353,0.8,4.473,258,4084735.0,28.0,23,7.22
21,353,0.8,4.473,259,15896247.0,1800.0,23,6.97
21,353,0.8,4.473,260,7672716.0,2713.0,23,6.92
21,353,0.8,4.473,261,10314678.0,36.0,23,7.34
21,353,0.8,4.473,262,20248748.0,3599.0,23,6.72
21,353,0.8,4.473,263,83312.0,3.0,24,7.46
21,353,0.8,4.473,264,9694903.0,1080.0,23,6.52
21,353,0.8,4.473,265,58195714.0,6965.0,23,6.91
21,353,0.8,4.473,266,233042.0,75.0,24,6.23
21,353,0.8,4.473,267,7013464.0,1247.0,23,6.89
21,353,0.8,4.473,268,240191.0,40.0,24,6.45
21,353,0.8,4.473,269,3049715.0,833.0,23,7.39
21,353,0.8,4.473,270,145561.0,2.0,24,7.19
21,353,0.8,4.473,271,7699829.0,1335.0,23,7.05
21,353,0.8,4.473,272,6934666.0,1113.0,23,7.16
21,353,0.8,4.473,273,15307292.0,6185.0,23,6.81
21,353,0.8,4.473,274,4732657.0,692.0,23,6.23
21,353,0.8,4.473,275,9948205.0,2274.0,23,7.47
21,353,0.8,4.473,276,287882.0,120.0,24,6.52
21,353,0.8,4.473,277,9242462.0,1194.0,23,7.24
21,353,0.8,4.473,278,28993441.0,9948.0,23,7.2
21,353,0.8,4.473,279,86212270.0,43458.0,23,6.82
21,353,0.8,4.473,280,12188812.0,2653.0,23,7.36
21,353,0.8,4.473,281,13161730.0,2816.0,23,7.32
21,353,0.8,4.473,282,140302600.0,119083.0,23,7.53
21,353,0.8,4.473,283,10973423.0,1656.0,23,6.84
21,353,0.8,4.473,284,81269163.0,24315.0,23,7.18
21,353,0.8,4.473,285,41049892.0,11045.0,23,7.91
21,353,0.8,4.473,286,338043.0,36.0,24,6.69
21,353,0.8,4.473,287,20231206.0,5785.0,23,7.31
21,353,0.8,4.473,288,9756227.0,2806.0,23,6.83
21,353,0.8,4.473,289,36591148.0,16491.0,23,6.79
21,353,0.8,4.473,290,18120295.0,4343.0,23,6.89
21,353,0.8,4.473,291,101842.0,21.0,24,7.24
21,353,0.8,4.473,292,14676152.0,2812.0,23,7.09
21,353,0.8,4.473,293,101346657.0,63656.0,23,6.9
21,353,0.8,4.473,294,26413595.0,5812.0,23,7.26
21,353,0.8,4.473,295,19798003.0,3700.0,23,7.05
21,353,0.8,4.473,296,109108083.0,108078.0,23,7.21
21,353,0.8,4.473,297,57781265.0,30780.0,23,7.53
21,353,0.8,4.473,298,47794797.0,17598.0,23,6.91
21,353,0.8,4.473,299,60900933.0,30564.0,23,7.26
21,353,0.8,4.473,300,29995731.0,3580.0,23,7.02
21,353,0.8,4.473,301,26763069.0,12722.0,23,6.65
21,353,0.8,4.473,302,16214005.0,11636.0,23,6.35
21,353,0.8,4.473,303,55205.0,12.0,24,7.19
21,353,0.8,4.473,304,3645272.0,210.0,23,7.02
21,353,0.8,4.473,305,28271748.0,3421.0,23,7.12
21,353,0.8,4.473,306,260735.0,99.0,24,7.42
21,353,0.8,4.473,307,55039123.0,37181.0,23,6.61
21,353,0.8,4.473,308,21444965.0,1105.0,23,7.39
21,353,0.8,4.473,309,40954443.0,32385.0,23,7.06
21,353,0.8,4.473,310,10081444.0,1262.0,23,6.67
21,353,0.8,4.473,311,47489656.0,15347.0,23,6.69
21,353,0.8,4.473,312,7966125.0,404.0,23,7.45
21,353,0.8,4.473,313,5282031.0,149.0,23,7.37
21,353,0.8,4.473,314,211235830.0,133229.0,23,7.26
21,353,0.8,4.473,315,87841700.0,26572.0,23,6.44
21,353,0.8,4.473,316,5694732.0,281.0,23,7.44
21,353,0.8,4.473,317,21379284.0,11279.0,23,7.02
21,353,0.8,4.473,318,37319623.0,20105.0,23,7.55
21,353,0.8,4.473,319,28904163.0,9835.0,23,6.35
21,353,0.8,4.473,320,481587.0,300.0,24,6.58
21,353,0.8,4.473,321,1392716.0,48.0,23,6.44
21,353,0.8,4.473,322,281939.0,142.0,24,7.12
21,353,0.8,4.473,323,4018124806.0,2372200.0,22,6.59
21,353,0.8,4.473,324,43864399.0,24296.0,23,7.23
21,353,0.8,4.473,325,53228879.0,30224.0,23,7.68
21,353,0.8,4.473,326,32681401.0,20378.0,23,6.98
21,353,0.8,4.473,327,23061744.0,9785.0,23,6.86
21,353,0.8,4.473,328,61513763.0,25659.0,23,6.96
21,353,0.8,4.473,329,6323912.0,164.0,23,6.85
21,353,0.8,4.473,330,57220004.0,24396.0,23,7.6
21,353,0.8,4.473,331,22653404.0,6158.0,23,7.2
21,353,0.8,4.473,332,19376193.0,2538.0,23,7.23
21,353,0.8,4.473,333,276998.0,45.0,24,7.41
21,353,0.8,4.473,334,4254326851.0,2519265.0,22,6.84
21,353,0.8,4.473,335,184541.0,70.0,24,7.15
21,353,0.8,4.473,336,100730869.0,93551.0,23,6.44
21,353,0.8,4.473,337,6219342112.0,3643683.0,22,7.41
21,353,0.8,4.473,338,67414374.0,30668.0,23,7.31
21,353,0.8,4.473,339,18831756.0,5808.0,23,6.93
21,353,0.8,4.473,340,30431278.0,17100.0,23,6.66
21,353,0.8,4.473,341,19222900.0,1712.0,23,7.49
21,353,0.8,4.473,342,24663722.0,15098.0,23,6.74
21,353,0.8,4.473,343,76151377.0,61307.0,23,6.88
21,353,0.8,4.473,344,4297451.0,1115.0,23,7.0
21,353,0.8,4.473,345,46516259.0,7526.0,23,6.58
21,353,0.8,4.473,346,7651804.0,351.0,23,6.39
21,353,0.8,4.473,347,22105296.0,3100.0,23,6.59
21,353,0.8,4.473,348,110979.0,8.0,24,7.09
21,353,0.8,4.473,349,5698509.0,184.0,23,7.27
21,353,0.8,4.473,350,2118965.0,124.0,23,6.44
21,353,0.8,4.473,351,7313935.0,873.0,23,6.25
21,353,0.8,4.473,352,63773062.0,38234.0,23,6.3
21,353,0.8,4.473,353,10229936.0,3817.0,23,7.98
21,353,0.8,4.473,354,1256755.0,975.0,24,7.37
21,353,0.8,4.473,355,10107529.0,206.0,23,7.71
21,353,0.8,4.473,356,54852206.0,15295.0,23,7.18
21,353,0.8,4.473,357,71792995.0,61416.0,23,6.8
21,353,0.8,4.473,358,52686276.0,17148.0,23,7.36
21,353,0.8,4.473,359,11277374.0,2448.0,23,7.31
21,353,0.8,4.473,360,72096736.0,45114.0,23,6.95
21,353,0.8,4.473,361,8358282.0,2833.0,23,8.01
21,353,0.8,4.473,362,184195.0,26.0,24,7.44
21,353,0.8,4.473,363,31935334.0,11260.0,23,6.5
21,353,0.8,4.473,364,5395521.0,531.0,23,6.09
21,353,0.8,4.473,365,31450.0,4.0,24,5.9
21,353,0.8,4.473,366,12710591.0,2050.0,23,6.78
21,353,0.8,4.473,367,170078.0,18.0,24,6.86
21,353,0.8,4.473,368,18015799.0,1743.0,23,7.33
21,353,0.8,4.473,369,37023809.0,15378.0,23,7.21
21,353,0.8,4.473,370,2197.0,1.0,25,8.06
21,353,0.8,4.473,371,6715363.0,1929.0,23,6.73
21,353,0.8,4.473,372,76936119.0,41969.0,23,6.76
21,353,0.8,4.473,373,7785493.0,1266.0,23,6.59
21,353,0.8,4.473,374,54911044.0,31873.0,23,6.88
21,353,0.8,4.473,375,5902527.0,118.0,23,7.43
21,353,0.8,4.473,376,5328300.0,82.0,23,6.48
21,353,0.8,4.473,377,2766944.0,80.0,23,6.94
21,353,0.8,4.473,378,5516418.0,655.0,23,7.46
21,353,0.8,4.473,379,251941.0,10.0,24,6.48
21,353,0.8,4.473,380,61439860.0,52212.0,23,6.94
21,353,0.8,4.473,381,75006342.0,61966.0,23,6.76
21,353,0.8,4.473,382,28242948.0,3644.0,23,6.87
21,353,0.8,4.473,383,33950944.0,18453.0,23,6.64
21,353,0.8,4.473,384,5716613.0,948.0,23,7.07
21,353,0.8,4.473,385,42546536.0,9674.0,23,6.6
21,353,0.8,4.473,386,5356666.0,947.0,23,7.17
21,353,0.8,4.473,387,31908329.0,17900.0,23,6.55
21,353,0.8,4.473,388,4881890609.0,5884325.0,22,7.68
21,353,0.8,4.473,389,33455174.0,21022.0,23,7.21
21,353,0.8,4.473,390,13175994.0,3311.0,23,6.65
21,353,0.8,4.473,391,100495872.0,66107.0,23,6.68
21,353,0.8,4.473,392,5758858.0,180.0,23,6.64
21,353,0.8,4.473,393,2775511.0,48.0,23,7.33
21,353,0.8,4.473,394,26220742.0,11467.0,23,6.93
21,353,0.8,4.473,395,192226.0,78.0,24,6.88
21,353,0.8,4.473,396,125470373.0,91953.0,23,7.32
21,353,0.8,4.473,397,174781.0,48.0,24,7.03
21,353,0.8,4.473,398,7639485.0,2196.0,23,7.15
21,353,0.8,4.473,399,39923458.0,10229.0,23,7.44
21,353,0.8,4.473,400,368863.0,155.0,24,7.21
21,353,0.8,4.473,401,3218222.0,96.0,23,7.29
21,353,0.8,4.473,402,1412320393.0,1045169.0,22,7.25
21,353,0.8,4.473,403,3800261.0,42.0,23,6.59
21,353,0.8,4.473,404,954597538.0,430636.0,22,7.18
21,353,0.8,4.473,405,18887983.0,4062.0,23,7.47
21,353,0.8,4.473,406,232903.0,54.0,24,7.29
21,353,0.8,4.473,407,49998734.0,29962.0,23,7.14
21,353,0.8,4.473,408,20695364.0,6245.0,23,7.7
21,353,0.8,4.473,409,110147.0,24.0,24,7.71
21,353,0.8,4.473,410,7054967.0,914.0,23,6.34
21,353,0.8,4.473,411,138544.0,20.0,24,7.82
21,353,0.8,4.473,412,35024582.0,7464.0,23,6.95
21,353,0.8,4.473,413,9577050.0,2828.0,23,6.94
21,353,0.8,4.473,414,343759.0,72.0,24,7.04
21,353,0.8,4.473,415,1360129.0,108.0,23,6.54
21,353,0.8,4.473,416,11241744.0,1506.0,23,7.1
21,353,0.8,4.473,417,6112335.0,27.0,23,6.88
21,353,0.8,4.473,418,474360.0,280.0,24,7.57
21,353,0.8,4.473,419,31301300.0,10989.0,23,6.67
21,353,0.8,4.473,420,7522102.0,72.0,23,6.08
21,353,0.8,4.473,421,90000.0,9.0,24,6.98
21,353,0.8,4.473,422,190497770.0,127221.0,23,7.41
21,353,0.8,4.473,423,417157.0,72.0,24,7.28
21,353,0.8,4.473,424,55330144.0,28976.0,23,7.45
21,353,0.8,4.473,425,6801608.0,1070.0,23,7.77
21,353,0.8,4.473,426,109476289.0,130118.0,23,7.76
21,353,0.8,4.473,427,36659834.0,18136.0,23,6.89
21,353,0.8,4.473,428,7388817329.0,3757134.0,22,6.71
21,353,0.8,4.473,429,4365555.0,1784.0,23,7.35
21,353,0.8,4.473,430,55323184.0,29917.0,23,6.76
21,353,0.8,4.473,431,29927278.0,8382.0,23,7.62
21,353,0.8,4.473,432,148829.0,16.0,24,7.1
21,353,0.8,4.473,433,45660395.0,34514.0,23,7.17
21,353,0.8,4.473,434,23752477.0,1754.0,23,7.31
21,353,0.8,4.473,435,14039653.0,1140.0,23,7.03
21,353,0.8,4.473,436,115828.0,14.0,24,7.47
21,353,0.8,4.473,437,942548096.0,463869.0,22,6.42
21,353,0.8,4.473,438,3209686.0,48.0,23,7.4
21,353,0.8,4.473,439,3833941437.0,2136233.0,22,6.67
21,353,0.8,4.473,440,15168689.0,7308.0,23,6.26
21,353,0.8,4.473,441,110555796.0,48486.0,23,6.72
21,353,0.8,4.473,442,9091701.0,1621.0,23,7.6
21,353,0.8,4.473,443,20569994.0,4024.0,23,7.52
21,353,0.8,4.473,444,39273.0,6.0,24,6.88
21,353,0.8,4.473,445,40506231.0,6695.0,23,6.28
21,353,0.8,4.473,446,89069239.0,153178.0,23,6.19
21,353,0.8,4.473,447,33052560.0,13267.0,23,6.88
21,353,0.8,4.473,448,20244418.0,3500.0,23,7.25
21,353,0.8,4.473,449,98332546.0,66918.0,23,6.71
21,353,0.8,4.473,450,18446972.0,5688.0,23,6.6
21,353,0.8,4.473,451,46658709.0,28615.0,23,6.69
21,353,0.8,4.473,452,14587375.0,2065.0,23,7.16
21,353,0.8,4.473,453,7717713.0,238.0,23,7.08
21,353,0.8,4.473,454,321205.0,35.0,24,6.59
21,353,0.8,4.473,455,15409.0,2.0,24,7.54
21,353,0.8,4.473,456,128948508.0,95738.0,23,7.9
21,353,0.8,4.473,457,4462707.0,338.0,23,6.96
21,353,0.8,4.473,458,3101469.0,18.0,23,7.04
21,353,0.8,4.473,459,30444804.0,7474.0,23,7.13
21,353,0.8,4.473,460,9410637.0,72.0,23,7.59
21,353,0.8,4.473,461,4804331.0,693.0,23,6.75
21,353,0.8,4.473,462,41692662.0,26827.0,23,6.4
21,353,0.8,4.473,463,1761355858.0,1503166.0,22,7.14
21,353,0.8,4.473,464,10281984.0,968.0,23,6.67
21,353,0.8,4.473,465,41383687.0,18822.0,23,7.24
21,353,0.8,4.473,466,10508682.0,652.0,23,7.29
21,353,0.8,4.473,467,6647705.0,36.0,23,7.31
21,353,0.8,4.473,468,19888657.0,1770.0,23,6.96
21,353,0.8,4.473,469,141262.0,53.0,24,7.04
21,353,0.8,4.473,470,73369222.0,36698.0,23,6.74
21,353,0.8,4.473,471,117032463.0,50934.0,23,7.17
21,353,0.8,4.473,472,28756117.0,11730.0,23,6.85
21,353,0.8,4.473,473,30443264.0,21090.0,23,6.71
21,353,0.8,4.473,474,95212542.0,97859.0,23,7.29
21,353,0.8,4.473,475,108063.0,28.0,24,7.26
21,353,0.8,4.473,476,77373520.0,13387.0,23,7.34
21,353,0.8,4.473,477,9922039.0,549.0,23,7.12
21,353,0.8,4.473,478,17291617.0,10430.0,23,6.96
21,353,0.8,4.473,479,6707162.0,3634.0,23,7.38
21,353,0.8,4.473,480,1181591.0,752.0,24,7.3
21,353,0.8,4.473,481,54886906.0,25322.0,23,7.2
21,353,0.8,4.473,482,9868486.0,2126.0,23,7.34
21,353,0.8,4.473,483,18656262.0,8108.0,23,6.68
21,353,0.8,4.473,484,70543117.0,69034.0,23,6.85
21,353,0.8,4.473,485,10538183.0,10672.0,23,6.83
21,353,0.8,4.473,486,75423284.0,35710.0,23,7.26
21,353,0.8,4.473,487,114967.0,6.0,24,7.23
21,353,0.8,4.473,488,3653916169.0,4254779.0,22,6.86
21,353,0.8,4.473,489,6885163.0,1322.0,23,7.18
21,353,0.8,4.473,490,96967306.0,53375.0,23,6.66
21,353,0.8,4.473,491,35833822.0,10934.0,23,7.19
21,353,0.8,4.473,492,314732.0,12.0,24,7.06
21,353,0.8,4.473,493,46160161.0,9706.0,23,7.29
21,353,0.8,4.473,494,67249585.0,16636.0,23,7.63
21,353,0.8,4.473,495,11563234.0,197.0,23,6.54
21,353,0.8,4.473,496,13422030.0,5581.0,23,7.62
21,353,0.8,4.473,497,40569417.0,8642.0,23,6.51
21,353,0.8,4.473,498,11202630.0,3102.0,23,6.6
21,353,0.8,4.473,499,4493510.0,222.0,23,6.38
21,353,0.8,4.473,500,19516390.0,6165.0,23,6.92
21,353,0.8,4.473,501,6631469.0,444.0,23,7.15
21,353,0.8,4.473,502,103061956.0,71556.0,23,7.05
21,353,0.8,4.473,503,2604400060.0,2102489.0,22,6.37
21,353,0.8,4.473,504,7836946.0,1513.0,23,7.48
21,353,0.8,4.473,505,9950898.0,305.0,23,7.1
21,353,0.8,4.473,506,8392658.0,1927.0,23,6.9
21,353,0.8,4.473,507,141703604.0,88391.0,23,6.81
21,353,0.8,4.473,508,23658223.0,8114.0,23,7.13
21,353,0.8,4.473,509,65177.0,6.0,24,7.1
21,353,0.8,4.473,510,87853456.0,70354.0,23,6.83
21,353,0.8,4.473,511,9625568.0,1363.0,23,6.6
21,353,0.8,4.473,512,99325538.0,90564.0,23,6.94
21,353,0.8,4.473,513,100136728.0,58844.0,23,6.35
21,353,0.8,4.473,514,35019392.0,2434.0,23,7.68
21,353,0.8,4.473,515,614141.0,164.0,24,7.1
21,353,0.8,4.473,516,44452365.0,23088.0,23,6.34
21,353,0.8,4.473,517,32904745.0,11270.0,23,6.97
21,353,0.8,4.473,518,6169431.0,305.0,23,6.92
21,353,0.8,4.473,519,6029149.0,1241.0,23,7.94
21,353,0.8,4.473,520,356619.0,253.0,24,7.33
21,353,0.8,4.473,521,13099667.0,630.0,23,7.75
21,353,0.8,4.473,522,524396.0,249.0,24,7.72
21,353,0.8,4.473,523,30655149.0,13691.0,23,7.58
21,353,0.8,4.473,524,47700971.0,23629.0,23,7.63
21,353,0.8,4.473,525,10828410.0,2652.0,23,7.27
21,353,0.8,4.473,526,145748843.0,101546.0,23,6.87
21,353,0.8,4.473,527,42679821.0,7718.0,23,6.42
21,353,0.8,4.473,528,11202132.0,1222.0,23,6.33
21,353,0.8,4.473,529,279794.0,36.0,24,6.73
21,353,0.8,4.473,530,911937.0,8.0,23,5.64
21,353,0.8,4.473,531,594003.0,156.0,24,7.81
21,353,0.8,4.473,532,18893048.0,1247.0,23,7.18
21,353,0.8,4.473,533,72374879.0,43523.0,23,7.18
21,353,0.8,4.473,534,139305.0,12.0,24,7.2
21,353,0.8,4.473,535,30658994.0,12223.0,23,6.45
21,353,0.8,4.473,536,37875531.0,25010.0,23,6.61
21,353,0.8,4.473,537,89910295.0,56920.0,23,7.08
21,353,0.8,4.473,538,2223837.0,351.0,23,6.66
21,353,0.8,4.473,539,66628.0,9.0,24,6.71
21,353,0.8,4.473,540,35517375.0,8284.0,23,6.79
21,353,0.8,4.473,541,36535115.0,20420.0,23,6.1
21,353,0.8,4.473,542,185737684.0,122309.0,23,6.53
21,353,0.8,4.473,543,7101778.0,768.0,23,6.41
21,353,0.8,4.473,544,52598013.0,20146.0,23,6.66
21,353,0.8,4.473,545,10084092.0,4090.0,23,6.3
21,353,0.8,4.473,546,53320331.0,18051.0,23,7.03
21,353,0.8,4.473,547,6810170.0,299.0,23,6.93
21,353,0.8,4.473,548,3256244.0,778.0,23,6.57
21,353,0.8,4.473,549,235963.0,61.0,24,6.87
21,353,0.8,4.473,550,36583933.0,24089.0,23,6.88
21,353,0.8,4.473,551,172831.0,18.0,24,6.97
21,353,0.8,4.473,552,63832372.0,48532.0,23,7.16
21,353,0.8,4.473,553,55004717.0,45587.0,23,7.13
21,353,0.8,4.473,554,25545059.0,7201.0,23,7.46
21,353,0.8,4.473,555,143834799.0,186232.0,23,6.85
21,353,0.8,4.473,556,23622059.0,6529.0,23,6.54
21,353,0.8,4.473,557,53590011.0,7652.0,23,6.99
21,353,0.8,4.473,558,5855976.0,252.0,23,7.22
21,353,0.8,4.473,559,11094635.0,3230.0,23,6.98
21,353,0.8,4.473,560,950376.0,659.0,24,7.03
21,353,0.8,4.473,561,139916494.0,124321.0,23,7.31
21,353,0.8,4.473,562,59107754.0,6063.0,23,7.02
21,353,0.8,4.473,563,7528238.0,4.0,23,6.48
21,353,0.8,4.473,564,6343173.0,1566.0,23,6.93
21,353,0.8,4.473,565,318504.0,115.0,24,6.97
21,353,0.8,4.473,566,4912902.0,72.0,23,7.14
21,353,0.8,4.473,567,21055394.0,17778.0,23,6.59
21,353,0.8,4.473,568,58540145.0,16138.0,23,7.79
21,353,0.8,4.473,569,19115701.0,8217.0,23,7.49
21,353,0.8,4.473,570,49320726.0,34208.0,23,7.43
21,353,0.8,4.473,571,41890565.0,21446.0,23,7.14
21,353,0.8,4.473,572,141211016.0,92093.0,23,7.99
21,353,0.8,4.473,573,2170214314.0,2439239.0,22,7.42
21,353,0.8,4.473,574,31903321.0,13166.0,23,7.33
21,353,0.8,4.473,575,6462792.0,386.0,23,6.78
21,353,0.8,4.473,576,2724311692.0,1497528.0,22,6.76
21,353,0.8,4.473,577,49878298.0,13824.0,23,7.25
21,353,0.8,4.473,578,129953584.0,59719.0,23,6.89
21,353,0.8,4.473,579,1606918.0,56.0,23,6.51
21,353,0.8,4.473,580,193137.0,56.0,24,7.36
21,353,0.8,4.473,581,72165163.0,74163.0,23,6.88
21,353,0.8,4.473,582,32835988.0,10278.0,23,7.53
21,353,0.8,4.473,583,50816.0,5.0,24,7.22
21,353,0.8,4.473,584,17923846.0,8910.0,23,7.15
21,353,0.8,4.473,585,43085.0,12.0,24,7.09
21,353,0.8,4.473,586,92605277.0,61383.0,23,7.24
21,353,0.8,4.473,587,31412.0,6.0,24,7.46
21,353,0.8,4.473,588,56358451.0,30468.0,23,6.53
21,353,0.8,4.473,589,69136032.0,25277.0,23,7.26
21,353,0.8,4.473,590,213103.0,68.0,24,7.21
21,353,0.8,4.473,591,40772404.0,16036.0,23,7.22
21,353,0.8,4.473,592,61809.0,10.0,24,7.32
21,353,0.8,4.473,593,21764.0,5.0,24,7.24
21,353,0.8,4.473,594,43856636.0,24795.0,23,7.2
21,353,0.8,4.473,595,57014399.0,22832.0,23,7.65
21,353,0.8,4.473,596,80897097.0,65282.0,23,6.27
21,353,0.8,4.473,597,348507.0,87.0,24,7.22
21,353,0.8,4.473,598,42599893.0,16738.0,23,6.44
21,353,0.8,4.473,599,980863.0,701.0,24,7.53
21,353,0.8,4.473,600,16861636.0,1410.0,23,7.12
21,353,0.8,4.473,601,4286689704.0,4015097.0,22,7.53
21,353,0.8,4.473,602,45481.0,3.0,24,6.89
21,353,0.8,4.473,603,57462089.0,10850.0,23,6.92
21,353,0.8,4.473,604,90287.0,29.0,24,7.48
21,353,0.8,4.473,605,76729391.0,56520.0,23,7.52
21,353,0.8,4.473,606,16829715.0,8721.0,23,6.94
21,353,0.8,4.473,607,210818845.0,158567.0,23,6.65
21,353,0.8,4.473,608,303558.0,112.0,24,7.27
21,353,0.8,4.473,609,116040888.0,64042.0,23,7.64
21,353,0.8,4.473,610,29666402.0,3633.0,23,6.42
21,353,0.8,4.473,611,1648054276.0,1462497.0,22,7.04
21,353,0.8,4.473,612,73143.0,10.0,24,7.2
21,353,0.8,4.473,613,389186.0,56.0,24,7.17
21,353,0.8,4.473,614,40805.0,3.0,24,7.17
21,353,0.8,4.473,615,13414855.0,1139.0,23,7.24
21,353,0.8,4.473,616,13650027.0,774.0,23,6.06
21,353,0.8,4.473,617,12976760.0,1081.0,23,7.46
21,353,0.8,4.473,618,60372948.0,38052.0,23,7.77
21,353,0.8,4.473,619,5996119.0,138.0,23,6.24
21,353,0.8,4.473,620,381635.0,105.0,24,6.96
21,353,0.8,4.473,621,39450964.0,16202.0,23,6.83
21,353,0.8,4.473,622,30495495.0,13688.0,23,7.78
21,353,0.8,4.473,623,41441231.0,13992.0,23,7.4
21,353,0.8,4.473,624,5955528.0,9.0,23,7.1
21,353,0.8,4.473,625,26435544.0,8699.0,23,7.58
21,353,0.8,4.473,626,64238.0,7.0,24,6.62
21,353,0.8,4.473,627,13664378.0,9481.0,23,7.1
21,353,0.8,4.473,628,34734163.0,24081.0,23,6.99
21,353,0.8,4.473,629,18168685.0,6744.0,23,6.52
21,353,0.8,4.473,630,26656477.0,2694.0,23,6.91
21,353,0.8,4.473,631,16304661.0,5318.0,23,7.5
21,353,0.8,4.473,632,88075438.0,26282.0,23,7.11
21,353,0.8,4.473,633,22474472.0,2016.0,23,6.5
21,353,0.8,4.473,634,109369.0,13.0,24,7.52
21,353,0.8,4.473,635,26062286.0,2385.0,23,7.35
21,353,0.8,4.473,636,14638990.0,562.0,23,6.3
21,353,0.8,4.473,637,9644530.0,1936.0,23,6.8
21,353,0.8,4.473,638,136326186.0,134270.0,23,7.24
21,353,0.8,4.473,639,44178485.0,27834.0,23,7.48
21,353,0.8,4.473,640,7389941.0,452.0,23,7.53
21,353,0.8,4.473,641,7071209.0,432.0,23,6.06
21,353,0.8,4.473,642,51740243.0,46656.0,23,6.99
21,353,0.8,4.473,643,93333.0,14.0,24,7.46
21,353,0.8,4.473,644,1905.0,1.0,25,7.28
21,353,0.8,4.473,645,165136.0,18.0,24,6.98
21,353,0.8,4.473,646,956327.0,689.0,24,7.62
21,353,0.8,4.473,647,24471605.0,14041.0,23,6.9
21,353,0.8,4.473,648,40198329.0,16464.0,23,6.94
21,353,0.8,4.473,649,16160304.0,432.0,23,7.18
21,353,0.8,4.473,650,35301440.0,12787.0,23,6.64
21,353,0.8,4.473,651,25644927.0,4995.0,23,6.47
21,353,0.8,4.473,652,11442280.0,2118.0,23,6.47
21,353,0.8,4.473,653,239727.0,138.0,24,7.19
21,353,0.8,4.473,654,19113416.0,1498.0,23,7.42
21,353,0.8,4.473,655,32332768.0,18270.0,23,7.51
21,353,0.8,4.473,656,908744.0,484.0,24,7.23
21,353,0.8,4.473,657,40060830.0,9200.0,23,7.13
21,353,0.8,4.473,658,2265568.0,1560.0,24,7.55
21,353,0.8,4.473,659,29807006.0,10024.0,23,6.95
21,353,0.8,4.473,660,36237.0,8.0,24,6.91
21,353,0.8,4.473,661,2825070.0,120.0,23,6.63
21,353,0.8,4.473,662,45462608.0,27308.0,23,7.79
21,353,0.8,4.473,663,77657076.0,39069.0,23,6.44
21,353,0.8,4.473,664,19299635.0,4446.0,23,6.97
21,353,0.8,4.473,665,7221074.0,1089.0,23,7.21
21,353,0.8,4.473,666,185866274.0,161318.0,23,8.2
21,353,0.8,4.473,667,36261000.0,22108.0,23,7.36
21,353,0.8,4.473,668,5920092.0,72.0,23,7.66
21,353,0.8,4.473,669,39018583.0,11679.0,23,6.54
21,353,0.8,4.473,670,13685266.0,4036.0,23,7.22
21,353,0.8,4.473,671,27983501.0,7736.0,23,7.45
21,353,0.8,4.473,672,6091688.0,386.0,23,7.28
21,353,0.8,4.473,673,66427.0,12.0,24,6.88
21,353,0.8,4.473,674,8274161.0,481.0,23,7.27
21,353,0.8,4.473,675,188761.0,18.0,24,7.62
21,353,0.8,4.473,676,6820155.0,444.0,23,6.56
21,353,0.8,4.473,677,67296363.0,67118.0,23,7.1
21,353,0.8,4.473,678,57153030.0,20234.0,23,7.18
21,353,0.8,4.473,679,18180814.0,6612.0,23,7.11
21,353,0.8,4.473,680,215110497.0,340622.0,23,7.26
21,353,0.8,4.473,681,20922057.0,246.0,23,6.79
21,353,0.8,4.473,682,33190639.0,11100.0,23,7.16
21,353,0.8,4.473,683,29103110.0,2234.0,23,7.17
21,353,0.8,4.473,684,84768346.0,55397.0,23,6.74
21,353,0.8,4.473,685,113255682.0,129654.0,23,6.46
21,353,0.8,4.473,686,21717801.0,8086.0,23,6.72
21,353,0.8,4.473,687,12270675.0,366.0,23,6.85
21,353,0.8,4.473,688,149302.0,34.0,24,7.66
21,353,0.8,4.473,689,69779.0,24.0,24,6.84
21,353,0.8,4.473,690,19306647.0,10464.0,23,7.48
21,353,0.8,4.473,691,25091279.0,6002.0,23,6.74
21,353,0.8,4.473,692,64136445.0,23190.0,23,7.32
21,353,0.8,4.473,693,95870.0,2.0,24,7.21
21,353,0.8,4.473,694,11597197.0,2746.0,23,6.8
21,353,0.8,4.473,695,103329713.0,52875.0,23,7.25
21,353,0.8,4.473,696,22776880.0,4550.0,23,6.68
21,353,0.8,4.473,697,7574213345.0,8872001.0,22,6.57
21,353,0.8,4.473,698,55274.0,12.0,24,7.13
21,353,0.8,4.473,699,537936.0,220.0,24,6.99
21,353,0.8,4.473,700,832641.0,389.0,24,6.96
21,353,0.8,4.473,701,756660.0,570.0,24,7.33
21,353,0.8,4.473,702,7338773.0,60.0,23,7.44
21,353,0.8,4.473,703,2078168064.0,2267263.0,22,6.8
21,353,0.8,4.473,704,820154.0,336.0,24,7.36
21,353,0.8,4.473,705,31693305.0,27165.0,23,6.77
21,353,0.8,4.473,706,5081712.0,1330.0,23,7.26
21,353,0.8,4.473,707,31676443.0,17544.0,23,7.43
21,353,0.8,4.473,708,23471406.0,6089.0,23,7.59
21,353,0.8,4.473,709,3099539.0,428.0,23,6.98
21,353,0.8,4.473,710,63660538.0,20413.0,23,7.12
21,353,0.8,4.473,711,6627.0,2.0,24,7.0
21,353,0.8,4.473,712,81310.0,10.0,24,7.27
21,353,0.8,4.473,713,819438.0,701.0,24,6.74
21,353,0.8,4.473,714,48129415.0,23938.0,23,6.78
21,353,0.8,4.473,715,7919135.0,1618.0,23,7.05
21,353,0.8,4.473,716,71222806.0,33649.0,23,7.02
21,353,0.8,4.473,717,16371593.0,7289.0,23,6.41
21,353,0.8,4.473,718,62371579.0,52890.0,23,7.04
21,353,0.8,4.473,719,52205853.0,26449.0,23,7.86
21,353,0.8,4.473,720,206519.0,63.0,24,7.12
21,353,0.8,4.473,721,8917906.0,5143.0,23,6.88
21,353,0.8,4.473,722,28582.0,1.0,24,7.12
21,353,0.8,4.473,723,95227.0,6.0,24,7.07
21,353,0.8,4.473,724,161443432.0,121272.0,23,6.9
21,353,0.8,4.473,725,131142.0,18.0,24,7.49
21,353,0.8,4.473,726,98752829.0,60513.0,23,7.43
21,353,0.8,4.473,727,13106092.0,2449.0,23,6.56
21,353,0.8,4.473,728,596528.0,164.0,24,6.86
21,353,0.8,4.473,729,2622905265.0,1471127.0,22,7.39
21,353,0.8,4.473,730,64011054.0,18050.0,23,7.19
21,353,0.8,4.473,731,119044.0,49.0,24,7.18
21,353,0.8,4.473,732,11526541.0,4023.0,23,7.41
21,353,0.8,4.473,733,1839872.0,48.0,23,6.37
21,353,0.8,4.473,734,3374985.0,43.0,23,6.82
21,353,0.8,4.473,735,89250.0,36.0,24,7.03
21,353,0.8,4.473,736,47984002.0,15120.0,23,7.0
21,353,0.8,4.473,737,767219.0,496.0,24,8.15
21,353,0.8,4.473,738,9860640.0,920.0,23,6.44
21,353,0.8,4.473,739,39187.0,6.0,24,6.53
21,353,0.8,4.473,740,15248053.0,5863.0,23,6.75
21,353,0.8,4.473,741,344155.0,54.0,24,7.34
21,353,0.8,4.473,742,19471467.0,6769.0,23,6.5
21,353,0.8,4.473,743,6259536.0,848.0,23,6.79
21,353,0.8,4.473,744,2890756.0,156.0,23,6.76
21,353,0.8,4.473,745,9254635.0,712.0,23,7.7
21,353,0.8,4.473,746,2826102.0,131.0,23,6.52
21,353,0.8,4.473,747,23947387.0,7451.0,23,6.27
21,353,0.8,4.473,748,28879149.0,13999.0,23,7.66
21,353,0.8,4.473,749,298722.0,20.0,24,6.8
21,353,0.8,4.473,750,230468616.0,117889.0,23,7.34
21,353,0.8,4.473,751,42561742.0,15347.0,23,7.23
21,353,0.8,4.473,752,2303456.0,23.0,23,7.23
21,353,0.8,4.473,753,12615564.0,2724.0,23,7.21
21,353,0.8,4.473,754,40912588.0,4926.0,23,6.82
21,353,0.8,4.473,755,3829629.0,204.0,23,7.03
21,353,0.8,4.473,756,34098396.0,2087.0,23,6.97
21,353,0.8,4.473,757,55271058.0,39582.0,23,6.34
21,353,0.8,4.473,758,8683796.0,16.0,23,7.28
21,353,0.8,4.473,759,71873552.0,25963.0,23,7.28
21,353,0.8,4.473,760,19723083.0,3455.0,23,7.17
21,353,0.8,4.473,761,66646221.0,33084.0,23,6.87
21,353,0.8,4.473,762,48667980.0,12034.0,23,7.25
21,353,0.8,4.473,763,19388762.0,8431.0,23,6.85
21,353,0.8,4.473,764,4627763.0,67.0,23,6.85
21,353,0.8,4.473,765,5898379.0,404.0,23,6.94
21,353,0.8,4.473,766,22524624.0,15927.0,23,7.1
21,353,0.8,4.473,767,19553679.0,18764.0,23,6.99
21,353,0.8,4.473,768,3154024.0,139.0,23,7.31
21,353,0.8,4.473,769,479317.0,88.0,24,7.01
21,353,0.8,4.473,770,1941027.0,51.0,23,7.15
21,353,0.8,4.473,771,1011314.0,662.0,24,7.07
21,353,0.8,4.473,772,63658305.0,23119.0,23,6.95
21,353,0.8,4.473,773,19302125.0,5554.0,23,7.36
21,353,0.8,4.473,774,57153408.0,47713.0,23,6.72
21,353,0.8,4.473,775,2835764.0,111.0,23,7.58
21,353,0.8,4.473,776,43102067.0,11266.0,23,6.79
21,353,0.8,4.473,777,5702732073.0,2908231.0,22,6.88
21,353,0.8,4.473,778,74248482.0,41089.0,23,6.7
21,353,0.8,4.473,779,12049597.0,84.0,23,6.78
21,353,0.8,4.473,780,40827455.0,12617.0,23,7.08
21,353,0.8,4.473,781,11731415.0,505.0,23,7.29
21,353,0.8,4.473,782,19467743.0,4634.0,23,7.66
21,353,0.8,4.473,783,3410248.0,72.0,23,6.46
21,353,0.8,4.473,784,2406571988.0,2890603.0,22,7.44
21,353,0.8,4.473,785,133938329.0,108052.0,23,7.37
21,353,0.8,4.473,786,60633000.0,15906.0,23,7.14
21,353,0.8,4.473,787,236317.0,6.0,24,7.22
21,353,0.8,4.473,788,10815148.0,1712.0,23,7.16
21,353,0.8,4.473,789,503367.0,271.0,24,6.9
21,353,0.8,4.473,790,73208344.0,49521.0,23,6.96
21,353,0.8,4.473,791,56362831.0,14395.0,23,7.22
21,353,0.8,4.473,792,12854566.0,3135.0,23,5.85
21,353,0.8,4.473,793,179178.0,60.0,24,6.79
21,353,0.8,4.473,794,94910483.0,60596.0,23,6.73
21,353,0.8,4.473,795,9253873.0,766.0,23,7.34
21,353,0.8,4.473,796,91590947.0,39375.0,23,7.45
21,353,0.8,4.473,797,8781246.0,1100.0,23,7.12
21,353,0.8,4.473,798,21576353.0,5293.0,23,8.49
21,353,0.8,4.473,799,5614305.0,891.0,23,6.46
21,353,0.8,4.473,800,46534592.0,12270.0,23,7.39
21,353,0.8,4.473,801,16597132.0,6663.0,23,7.15
21,353,0.8,4.473,802,62142.0,12.0,24,6.47
21,353,0.8,4.473,803,124145.0,18.0,24,7.07
21,353,0.8,4.473,804,77461147.0,49053.0,23,7.63
21,353,0.8,4.473,805,860425.0,567.0,24,7.04
21,353,0.8,4.473,806,6739383.0,1475.0,23,6.44
21,353,0.8,4.473,807,54863949.0,37305.0,23,6.9
21,353,0.8,4.473,808,40279307.0,22000.0,23,6.93
21,353,0.8,4.473,809,33647606.0,14624.0,23,6.87
21,353,0.8,4.473,810,32444528.0,12399.0,23,7.54
21,353,0.8,4.473,811,175801.0,30.0,24,7.64
21,353,0.8,4.473,812,5947011.0,855.0,23,6.68
21,353,0.8,4.473,813,58711564.0,27022.0,23,7.43
21,353,0.8,4.473,814,487820.0,62.0,24,7.71
21,353,0.8,4.473,815,82009449.0,41906.0,23,6.68
21,353,0.8,4.473,816,5812546.0,3240.0,23,7.02
21,353,0.8,4.473,817,912501.0,96.0,23,7.01
21,353,0.8,4.473,818,2598778.0,216.0,23,6.67
21,353,0.8,4.473,819,928650.0,617.0,24,6.84
21,353,0.8,4.473,820,115662838.0,62763.0,23,7.22
21,353,0.8,4.473,821,10597852.0,1677.0,23,7.66
21,353,0.8,4.473,822,99347539.0,71275.0,23,6.18
21,353,0.8,4.473,823,10808146.0,1762.0,23,7.54
21,353,0.8,4.473,824,204629.0,110.0,24,7.38
21,353,0.8,4.473,825,4081575.0,295.0,23,7.36
21,353,0.8,4.473,826,2166977.0,82.0,23,6.66
21,353,0.8,4.473,827,139167.0,36.0,24,6.95
21,353,0.8,4.473,828,70680713.0,42580.0,23,7.23
21,353,0.8,4.473,829,17399540.0,527.0,23,8.35
21,353,0.8,4.473,830,3461825.0,203.0,23,7.03
21,353,0.8,4.473,831,12326451.0,1061.0,23,7.12
21,353,0.8,4.473,832,93414631.0,42193.0,23,6.83
21,353,0.8,4.473,833,2496046.0,40.0,23,6.14
21,353,0.8,4.473,834,124715582.0,100244.0,23,7.31
21,353,0.8,4.473,835,12764476.0,2785.0,23,7.5
21,353,0.8,4.473,836,10279690.0,1246.0,23,6.42
21,353,0.8,4.473,837,51934013.0,11457.0,23,7.18
21,353,0.8,4.473,838,258441.0,42.0,24,7.53
21,353,0.8,4.473,839,64225337.0,22133.0,23,6.31
21,353,0.8,4.473,840,22773223.0,9271.0,23,8.25
21,353,0.8,4.473,841,25183391.0,2212.0,23,7.36
21,353,0.8,4.473,842,1071158.0,26.0,23,7.03
21,353,0.8,4.473,843,126194507.0,113474.0,23,6.02
21,353,0.8,4.473,844,54196375.0,26094.0,23,6.43
21,353,0.8,4.473,845,58030071.0,36071.0,23,6.71
21,353,0.8,4.473,846,20801117.0,6491.0,23,7.22
21,353,0.8,4.473,847,16486262.0,2021.0,23,7.76
21,353,0.8,4.473,848,25554931.0,10570.0,23,6.89
21,353,0.8,4.473,849,48865137.0,50744.0,23,6.09
21,353,0.8,4.473,850,38631348.0,9659.0,23,7.8
21,353,0.8,4.473,851,425964.0,160.0,24,7.16
21,353,0.8,4.473,852,19294907.0,3938.0,23,6.73
21,353,0.8,4.473,853,17717412.0,14122.0,23,6.59
21,353,0.8,4.473,854,250031.0,24.0,24,7.09
21,353,0.8,4.473,855,22166001.0,2881.0,23,7.53
21,353,0.8,4.473,856,14706066.0,3092.0,23,7.04
21,353,0.8,4.473,857,71974.0,17.0,24,7.94
21,353,0.8,4.473,858,1140505.0,679.0,24,7.43
21,353,0.8,4.473,859,92030886.0,49711.0,23,7.23
21,353,0.8,4.473,860,509995918.0,141156.0,22,6.74
21,353,0.8,4.473,861,7201708.0,315.0,23,7.52
21,353,0.8,4.473,862,83833360.0,33614.0,23,7.19
21,353,0.8,4.473,863,40999497.0,8659.0,23,7.43
21,353,0.8,4.473,864,21320522.0,10077.0,23,6.7
21,353,0.8,4.473,865,11159920.0,708.0,23,7.56
21,353,0.8,4.473,866,42748892.0,21967.0,23,6.87
21,353,0.8,4.473,867,108630.0,14.0,24,7.77
21,353,0.8,4.473,868,10345539.0,1487.0,23,6.85
21,353,0.8,4.473,869,197901.0,27.0,24,6.81
21,353,0.8,4.473,870,84072013.0,28056.0,23,7.72
21,353,0.8,4.473,871,6273903.0,227.0,23,7.32
21,353,0.8,4.473,872,24878358.0,11279.0,23,7.16
21,353,0.8,4.473,873,26076737.0,6066.0,23,6.76
21,353,0.8,4.473,874,89282111.0,76653.0,23,7.59
21,353,0.8,4.473,875,5173186023.0,6401570.0,22,7.34
21,353,0.8,4.473,876,1520178.0,868.0,24,7.57
21,353,0.8,4.473,877,19832508.0,3561.0,23,6.83
21,353,0.8,4.473,878,61255877.0,23055.0,23,7.25
21,353,0.8,4.473,879,74416006.0,29397.0,23,7.56
21,353,0.8,4.473,880,1518535.0,18.0,23,7.63
21,353,0.8,4.473,881,67536.0,10.0,24,7.21
21,353,0.8,4.473,882,22302194.0,4063.0,23,6.87
21,353,0.8,4.473,883,41529376.0,26029.0,23,7.72
21,353,0.8,4.473,884,18230419.0,5656.0,23,7.36
21,353,0.8,4.473,885,40155719.0,9583.0,23,7.19
21,353,0.8,4.473,886,69948481.0,41143.0,23,6.77
21,353,0.8,4.473,887,17615124.0,2590.0,23,6.84
21,353,0.8,4.473,888,9014376.0,1158.0,23,6.16
21,353,0.8,4.473,889,20720606.0,350.0,23,6.75
21,353,0.8,4.473,890,8706299.0,1738.0,23,7.27
21,353,0.8,4.473,891,90274848.0,41351.0,23,7.2
21,353,0.8,4.473,892,102235.0,20.0,24,6.64
21,353,0.8,4.473,893,67207.0,10.0,24,7.14
21,353,0.8,4.473,894,45209106.0,4158.0,23,8.23
21,353,0.8,4.473,895,655052.0,511.0,24,7.08
21,353,0.8,4.473,896,247755.0,131.0,24,7.46
21,353,0.8,4.473,897,3641157.0,381.0,23,6.65
21,353,0.8,4.473,898,10890561.0,2229.0,23,6.09
21,353,0.8,4.473,899,61026710.0,17035.0,23,6.52
21,353,0.8,4.473,900,105532122.0,74751.0,23,6.63
21,353,0.8,4.473,901,7175657.0,660.0,23,8.47
21,353,0.8,4.473,902,99385464.0,60741.0,23,6.75
21,353,0.8,4.473,903,84847476.0,49797.0,23,6.89
21,353,0.8,4.473,904,7496132.0,1718.0,23,6.78
21,353,0.8,4.473,905,87301.0,11.0,24,7.25
21,353,0.8,4.473,906,36183092.0,22095.0,23,7.97
21,353,0.8,4.473,907,3147123.0,288.0,23,6.47
21,353,0.8,4.473,908,82767611.0,78474.0,23,6.76
21,353,0.8,4.473,909,120859864.0,116760.0,23,6.71
21,353,0.8,4.473,910,106658022.0,86837.0,23,7.0
21,353,0.8,4.473,911,139669871.0,101868.0,23,7.49
21,353,0.8,4.473,912,28176456.0,7758.0,23,7.08
21,353,0.8,4.473,913,46786.0,4.0,24,7.18
21,353,0.8,4.473,914,38759886.0,23186.0,23,6.71
21,353,0.8,4.473,915,44826790.0,5598.0,23,6.85
21,353,0.8,4.473,916,1894568776.0,1819165.0,22,7.68
21,353,0.8,4.473,917,11504732.0,1950.0,23,6.92
21,353,0.8,4.473,918,79727.0,12.0,24,7.76
21,353,0.8,4.473,919,40263635.0,12345.0,23,7.0
21,353,0.8,4.473,920,14674723.0,4041.0,23,6.94
21,353,0.8,4.473,921,36213748.0,10983.0,23,6.86
21,353,0.8,4.473,922,5632460.0,276.0,23,7.53
21,353,0.8,4.473,923,16194383.0,992.0,23,7.55
21,353,0.8,4.473,924,3290631.0,74.0,23,7.18
21,353,0.8,4.473,925,19087312.0,3180.0,23,7.53
21,353,0.8,4.473,926,13301408.0,2716.0,23,6.81
21,353,0.8,4.473,927,121065088.0,49408.0,23,7.45
21,353,0.8,4.473,928,25615938.0,16932.0,23,6.82
21,353,0.8,4.473,929,136495.0,30.0,24,7.22
21,353,0.8,4.473,930,828461612.0,397337.0,22,6.98
21,353,0.8,4.473,931,71287315.0,43372.0,23,7.45
21,353,0.8,4.473,932,138616857.0,169489.0,23,7.0
21,353,0.8,4.473,933,69968976.0,22241.0,23,6.99
21,353,0.8,4.473,934,32803278.0,16141.0,23,7.03
21,353,0.8,4.473,935,1181387298.0,927726.0,22,6.92
21,353,0.8,4.473,936,34150345.0,9917.0,23,6.95
21,353,0.8,4.473,937,4987057403.0,3037533.0,22,6.62
21,353,0.8,4.473,938,32002415.0,30067.0,23,6.86
21,353,0.8,4.473,939,41011468.0,10682.0,23,7.2
21,353,0.8,4.473,940,9470814.0,3738.0,23,7.01
21,353,0.8,4.473,941,18397766.0,5557.0,23,6.98
21,353,0.8,4.473,942,33039597.0,18462.0,23,7.3
21,353,0.8,4.473,943,31548548.0,15178.0,23,7.0
21,353,0.8,4.473,944,12739329.0,966.0,23,7.1
21,353,0.8,4.473,945,78852837.0,29519.0,23,7.15
21,353,0.8,4.473,946,43118669.0,12013.0,23,7.04
21,353,0.8,4.473,947,20019521.0,8014.0,23,7.37
21,353,0.8,4.473,948,16072586.0,3797.0,23,7.31
21,353,0.8,4.473,949,62690595.0,15505.0,23,6.54
21,353,0.8,4.473,950,34925419.0,12131.0,23,6.84
21,353,0.8,4.473,951,45757308.0,32087.0,23,6.46
21,353,0.8,4.473,952,372377.0,118.0,24,6.54
21,353,0.8,4.473,953,13693399.0,204.0,23,7.05
21,353,0.8,4.473,954,32790175.0,4606.0,23,7.14
21,353,0.8,4.473,955,6692402.0,382.0,23,7.0
21,353,0.8,4.473,956,6763754.0,763.0,23,7.76
21,353,0.8,4.473,957,31996107.0,8270.0,23,8.01
21,353,0.8,4.473,958,118268.0,18.0,24,7.65
21,353,0.8,4.473,959,9884596.0,595.0,23,6.82
21,353,0.8,4.473,960,230470159.0,202620.0,23,7.1
21,353,0.8,4.473,961,6320142.0,164.0,23,6.42
21,353,0.8,4.473,962,59329035.0,25363.0,23,6.92
21,353,0.8,4.473,963,2328639.0,52.0,23,7.01
21,353,0.8,4.473,964,3612305.0,250.0,23,6.49
21,353,0.8,4.473,965,37244668.0,19414.0,23,6.75
21,353,0.8,4.473,966,76448452.0,48908.0,23,7.26
21,353,0.8,4.473,967,12190674.0,4513.0,23,6.95
21,353,0.8,4.473,968,8207512.0,350.0,23,6.96
21,353,0.8,4.473,969,455811.0,194.0,24,6.76
21,353,0.8,4.473,970,20960276.0,3470.0,23,8.02
21,353,0.8,4.473,971,5997387.0,193.0,23,7.41
21,353,0.8,4.473,972,39705600.0,7776.0,23,7.34
21,353,0.8,4.473,973,19222.0,6.0,24,7.46
21,353,0.8,4.473,974,285290.0,66.0,24,7.34
21,353,0.8,4.473,975,45899669.0,21122.0,23,7.33
21,353,0.8,4.473,976,12561723.0,3846.0,23,6.71
21,353,0.8,4.473,977,20857102.0,5456.0,23,7.05
21,353,0.8,4.473,978,162605.0,12.0,24,7.45
21,353,0.8,4.473,979,8462038.0,4915.0,23,6.88
21,353,0.8,4.473,980,113863975.0,122095.0,23,7.43
21,353,0.8,4.473,981,12054421.0,3578.0,23,6.96
21,353,0.8,4.473,982,28582748.0,7216.0,23,6.96
21,353,0.8,4.473,983,77756.0,8.0,24,7.51
21,353,0.8,4.473,984,44123189.0,26129.0,23,7.06
21,353,0.8,4.473,985,26279089.0,4724.0,23,7.28
21,353,0.8,4.473,986,115113.0,12.0,24,7.18
21,353,0.8,4.473,987,29667871.0,6441.0,23,7.18
21,353,0.8,4.473,988,54418275.0,30468.0,23,6.86
21,353,0.8,4.473,989,622282632.0,626654.0,22,6.73
21,353,0.8,4.473,990,3541936.0,409.0,23,6.71
21,353,0.8,4.473,991,27553333.0,6545.0,23,7.38
21,353,0.8,4.473,992,55246.0,12.0,24,7.03
21,353,0.8,4.473,993,281486.0,28.0,24,7.07
21,353,0.8,4.473,994,170068910.0,82023.0,23,6.87
21,353,0.8,4.473,995,83058939.0,59863.0,23,6.46
21,353,0.8,4.473,996,52989255.0,56243.0,23,6.61
21,353,0.8,4.473,997,105353777.0,70247.0,23,6.98
21,353,0.8,4.473,998,3331014.0,78.0,23,7.64
21,353,0.8,4.473,999,1145559.0,109.0,23,7.16
21,353,0.8,4.473,1000,26115734.0,5131.0,23,6.87
