L,Density,Seed,UDG Radius,Frac Rewired,CPLEX TTO,Process TTO,Clock TTO,CPLEX TTS,Process TTS,Clock TTS,Solution
L,Density,Seed,UDG Radius,Frac Rewired,CPLEX TTO,Process TTO,Clock TTO,CPLEX TTS,Process TTS,Clock TTS,Solution
L,Density,Seed,UDG Radius,Frac Rewired,CPLEX TTO,Process TTO,Clock TTO,CPLEX TTS,Process TTS,Clock TTS,Solution
L,Density,Seed,UDG Radius,Frac Rewired,CPLEX TTO,Process TTO,Clock TTO,CPLEX TTS,Process TTS,Clock TTS,Solution
L,Density,Seed,UDG Radius,Frac Rewired,CPLEX TTO,Process TTO,Clock TTO,CPLEX TTS,Process TTS,Clock TTS,Solution
21,0.8,0,1.415,1,0.051758,0.101775,0.05369,0.047231,0.09279,0.049299,114
21,0.8,0,1.415,2,0.178238,0.281358,0.183774,0.184204,0.287742,0.185997,117
21,0.8,0,1.415,3,0.179859,0.487975,0.181767,0.191898,0.481284,0.193763,121
21,0.8,0,1.415,4,0.443361,1.47089,0.445247,0.25982,1.240114,0.261625,123
21,0.8,0,1.415,5,1.435945,6.818353,1.438179,0.541689,3.560187,0.543487,125
21,0.8,0,1.415,6,2.845754,17.864327,2.848107,4.656777,34.591245,4.65868,126
21,0.8,0,1.415,7,15.785986,116.681456,15.787915,26.709535,198.520025,26.711344,127
21,0.8,0,1.415,8,4.010103,26.748625,4.012162,1.098677,7.367559,1.100567,131
21,0.8,0,1.415,9,13.990017,104.16039,13.99194,11.855268,87.263941,11.857149,132
21,0.8,0,1.415,10,30.610279,232.435174,30.612182,13.784209,103.029276,13.786006,132
21,0.8,0,1.415,11,54.777819,419.243431,54.779778,44.602642,340.157153,44.604511,134
21,0.8,0,1.415,12,125.25234,970.863675,125.254321,38.783268,294.509594,38.785165,133
21,0.8,0,1.415,13,276.662401,2146.618675,276.664535,106.449279,815.545803,106.451075,133
21,0.8,0,1.415,14,175.083912,1327.981128,175.086023,19.280695,140.732605,19.282717,134
21,0.8,0,1.415,15,114.977002,876.615973,114.979002,50.809341,377.532878,50.811251,136
21,0.8,0,1.415,16,126.452455,964.06009,126.454482,4.775909,34.976458,4.777961,137
21,0.8,0,1.415,17,357.781357,2795.564676,357.783379,50.051641,373.603876,50.053768,136
21,0.8,0,1.415,18,325.21663,2488.635268,325.218827,151.652006,1165.111871,151.653927,137
21,0.8,0,1.415,19,222.755952,1748.736747,222.758776,139.901067,1082.197915,139.902962,137
21,0.8,0,1.415,20,159.313087,1242.979956,159.315076,7.154674,54.109925,7.156506,137
21,0.8,1,1.415,1,0.101109,0.194785,0.103261,0.11443,0.242915,0.116307,112
21,0.8,1,1.415,2,0.198397,0.333405,0.200395,0.205951,0.364243,0.207747,116
21,0.8,1,1.415,3,0.26574,0.574821,0.269081,0.268606,0.647514,0.271778,121
21,0.8,1,1.415,4,0.185971,0.649589,0.188105,0.22719,0.780661,0.229019,124
21,0.8,1,1.415,5,0.453638,1.389814,0.455548,0.271643,1.094133,0.27363,126
21,0.8,1,1.415,6,0.355126,1.840706,0.357105,0.371832,1.899272,0.373615,128
21,0.8,1,1.415,7,2.155256,13.660238,2.157205,1.436314,9.987323,1.438165,129
21,0.8,1,1.415,8,10.646345,76.32589,10.648498,6.286756,44.096179,6.288585,131
21,0.8,1,1.415,9,35.5243,273.022236,35.526326,12.487727,92.224777,12.489616,131
21,0.8,1,1.415,10,53.250601,406.381041,53.2526,53.994203,409.354314,53.996104,132
21,0.8,1,1.415,11,190.480566,1488.532171,190.482571,23.49536,176.691993,23.497264,132
21,0.8,1,1.415,12,35.748399,269.023434,35.750316,18.038714,135.726008,18.040572,135
21,0.8,1,1.415,13,104.546476,801.928036,104.548415,7.876843,57.497045,7.878699,135
21,0.8,1,1.415,14,106.719874,828.259565,106.721922,63.707573,490.237319,63.709434,137
21,0.8,1,1.415,15,335.471378,2628.965305,335.478311,16.870466,125.800134,16.872418,135
21,0.8,1,1.415,16,198.514521,1545.244067,198.516489,17.5252,128.383533,17.527096,136
21,0.8,1,1.415,17,77.932098,597.577286,77.934143,30.944431,232.03998,30.946306,137
21,0.8,1,1.415,18,294.855661,2312.682831,294.85796,241.546731,1886.12174,241.548671,136
21,0.8,1,1.415,19,153.439199,1197.803885,153.441425,45.939515,352.253915,45.941333,136
21,0.8,1,1.415,20,236.99592,1850.9136,236.997916,53.664082,411.32372,53.665948,136
21,0.8,2,1.415,1,0.088436,0.2835,0.09045,0.043505,0.112647,0.045413,111
21,0.8,2,1.415,2,0.175847,0.416419,0.177844,0.150936,0.327525,0.153148,115
21,0.8,2,1.415,3,0.376041,1.105789,0.380782,0.329336,1.096958,0.331288,117
21,0.8,2,1.415,4,0.573186,3.301194,0.575075,0.279488,1.84523,0.28131,120
21,0.8,2,1.415,5,0.443892,2.459033,0.446017,0.262186,1.556178,0.263967,124
21,0.8,2,1.415,6,0.897035,4.520587,0.898994,0.665045,4.040653,0.666866,126
21,0.8,2,1.415,7,15.750743,120.502952,15.752859,7.744153,57.754904,7.746015,126
21,0.8,2,1.415,8,4.310649,30.505396,4.312652,1.293813,8.736787,1.295627,131
21,0.8,2,1.415,9,4.40216,31.704139,4.404179,0.203501,1.234244,0.205413,133
21,0.8,2,1.415,10,15.393946,109.02007,15.395869,2.778497,19.458334,2.780396,135
21,0.8,2,1.415,11,44.520487,341.051374,44.522504,14.770078,109.784918,14.771951,135
21,0.8,2,1.415,12,68.171477,523.335263,68.173459,8.125448,58.959833,8.127251,136
21,0.8,2,1.415,13,609.45927,4769.126184,609.461246,47.324666,358.216821,47.326509,134
21,0.8,2,1.415,14,494.021675,3859.346127,494.023742,344.250926,2655.754798,344.25281,135
21,0.8,2,1.415,15,501.19638,3905.454801,501.198338,24.538612,172.3894,24.540522,136
21,0.8,2,1.415,16,44.069503,332.383727,44.071452,17.627993,130.358739,17.630029,139
21,0.8,2,1.415,17,44.970233,343.471773,44.972238,56.110356,432.333073,56.112301,139
21,0.8,2,1.415,18,92.920942,716.215691,92.922889,2.770371,19.855421,2.7722,138
21,0.8,2,1.415,19,76.24638,590.569787,76.248438,7.89921,58.738841,7.901273,138
21,0.8,2,1.415,20,136.255369,1051.821482,136.257653,77.378944,594.767169,77.380888,137
21,0.8,3,1.415,1,0.1436,0.248786,0.145571,0.121234,0.227195,0.123065,110
21,0.8,3,1.415,2,0.31622,0.929517,0.318396,0.221355,0.595413,0.223195,114
21,0.8,3,1.415,3,0.166578,0.403435,0.168681,0.162429,0.388683,0.16424,119
21,0.8,3,1.415,4,0.337343,1.650555,0.339597,0.247436,1.444888,0.249387,120
21,0.8,3,1.415,5,0.421087,2.143312,0.42312,0.569419,2.397037,0.571273,125
21,0.8,3,1.415,6,2.513925,15.024656,2.515956,0.745847,5.084261,0.747677,125
21,0.8,3,1.415,7,3.935061,27.12208,3.937071,1.935978,12.5814,1.937829,127
21,0.8,3,1.415,8,16.776515,125.584735,16.778457,10.019568,75.920385,10.021503,128
21,0.8,3,1.415,9,18.888782,142.063642,18.890948,1.059562,6.887105,1.061377,131
21,0.8,3,1.415,10,22.174339,165.115577,22.176465,2.808802,19.386394,2.810597,133
21,0.8,3,1.415,11,63.922681,490.999515,63.925753,24.318615,184.123518,24.32049,133
21,0.8,3,1.415,12,91.541127,708.898923,91.543101,48.737175,372.710529,48.739022,134
21,0.8,3,1.415,13,282.369188,2210.803843,282.37113,180.207659,1402.460712,180.209607,134
21,0.8,3,1.415,14,291.067154,2273.282975,291.069162,11.573069,84.557648,11.575209,135
21,0.8,3,1.415,15,380.269775,2989.561559,380.27198,18.152968,135.278846,18.154913,136
21,0.8,3,1.415,16,125.965415,980.846322,125.970122,5.293608,36.531593,5.295455,138
21,0.8,3,1.415,17,165.86353,1297.934637,165.865544,5.811891,42.235478,5.813699,138
21,0.8,3,1.415,18,78.571645,607.300519,78.57358,62.244286,474.532163,62.246139,139
21,0.8,3,1.415,19,106.017658,815.570042,106.019633,51.11734,393.499386,51.119368,139
21,0.8,3,1.415,20,165.632932,1294.128271,165.635278,51.656036,393.280514,51.657958,138
21,0.8,4,1.415,1,0.04981,0.104659,0.052291,0.085869,0.110432,0.087719,110
21,0.8,4,1.415,2,0.090369,0.281669,0.092479,0.090248,0.229775,0.095429,114
21,0.8,4,1.415,3,0.124596,0.289564,0.12657,0.128314,0.305002,0.130176,120
21,0.8,4,1.415,4,0.164006,0.483146,0.165994,0.19961,0.566671,0.201606,121
21,0.8,4,1.415,5,0.754186,3.83461,0.756233,0.579855,3.67497,0.581944,124
21,0.8,4,1.415,6,1.243989,7.724971,1.245952,0.507546,3.434295,0.50939,127
21,0.8,4,1.415,7,0.729525,3.852489,0.731491,0.346927,1.956098,0.349396,131
21,0.8,4,1.415,8,12.692196,92.849605,12.694183,10.096178,74.007068,10.09805,129
21,0.8,4,1.415,9,16.711408,125.899646,16.713583,14.212903,105.261361,14.214902,131
21,0.8,4,1.415,10,19.876939,148.320352,19.879165,19.039195,143.017365,19.041038,134
21,0.8,4,1.415,11,40.052717,305.89193,40.05497,3.209533,23.637925,3.211426,134
21,0.8,4,1.415,12,180.416465,1401.280065,180.418646,34.764949,265.592471,34.766773,133
21,0.8,4,1.415,13,167.280846,1294.999381,167.282846,2.098366,13.243567,2.100184,134
21,0.8,4,1.415,14,279.714253,2194.981906,279.71633,42.249003,322.650414,42.250819,134
21,0.8,4,1.415,15,371.255568,2911.38148,371.258026,617.837253,4846.356932,617.83922,135
21,0.8,4,1.415,16,844.954071,6666.894101,844.956093,373.778617,2897.678663,373.780513,134
21,0.8,4,1.415,17,456.00308,3525.881445,456.005308,524.154986,4102.210933,524.156805,135
21,0.8,4,1.415,18,460.950981,3589.096671,460.952976,53.480635,409.54685,53.482513,135
21,0.8,4,1.415,19,1526.418276,11915.158197,1526.420261,52.640351,400.144878,52.642291,133
21,0.8,4,1.415,20,342.510451,2660.655523,342.512565,315.144919,2464.117808,315.146896,135
21,0.8,5,1.415,1,0.021901,0.035915,0.023827,0.020786,0.032666,0.022612,111
21,0.8,5,1.415,2,0.084016,0.195878,0.086213,0.103078,0.149358,0.105131,115
21,0.8,5,1.415,3,0.239695,0.795106,0.241687,0.207801,0.68194,0.209779,118
21,0.8,5,1.415,4,1.139349,4.722454,1.141429,0.528867,3.515682,0.530918,121
21,0.8,5,1.415,5,1.623902,10.368833,1.62589,1.103576,7.742424,1.105384,122
21,0.8,5,1.415,6,3.059752,20.746138,3.061683,0.501749,3.262305,0.503566,124
21,0.8,5,1.415,7,2.496666,15.842573,2.499033,1.94276,13.018398,1.944649,128
21,0.8,5,1.415,8,6.455782,48.301089,6.457789,1.559618,10.672439,1.56145,129
21,0.8,5,1.415,9,31.998951,245.176871,32.001041,35.228612,270.266742,35.230599,130
21,0.8,5,1.415,10,51.089096,387.689401,51.091057,26.587561,201.106585,26.589456,131
21,0.8,5,1.415,11,216.835428,1698.523309,216.837539,107.429161,828.648523,107.43119,131
21,0.8,5,1.415,12,165.817524,1292.706085,165.819759,187.697911,1460.666959,187.69986,133
21,0.8,5,1.415,13,362.921235,2850.438402,362.923404,104.943249,809.650679,104.94539,133
21,0.8,5,1.415,14,399.726973,3128.246674,399.729095,47.489655,359.132188,47.491585,133
21,0.8,5,1.415,15,425.809511,3343.186361,425.81192,116.378548,897.853509,116.380377,134
21,0.8,5,1.415,16,331.424751,2595.547472,331.426687,104.123022,792.810613,104.124912,135
21,0.8,5,1.415,17,395.590105,3100.119703,395.592147,66.825911,512.693489,66.828156,135
21,0.8,5,1.415,18,146.350827,1134.278645,146.35298,55.931959,429.548205,55.933912,137
21,0.8,5,1.415,19,109.050601,838.60669,109.052632,17.768453,130.230698,17.770293,137
21,0.8,5,1.415,20,36.381258,275.817472,36.383435,55.226593,421.757631,55.228528,139
21,0.8,6,1.415,1,0.055922,0.124114,0.057949,0.057389,0.131871,0.059404,113
21,0.8,6,1.415,2,0.17268,0.459311,0.174785,0.225374,0.35296,0.228384,116
21,0.8,6,1.415,3,0.30504,0.893283,0.307549,0.275857,0.728562,0.278178,120
21,0.8,6,1.415,4,0.514629,2.170119,0.516804,0.311696,1.73766,0.313603,122
21,0.8,6,1.415,5,1.51304,7.583075,1.515127,0.502388,3.291085,0.50433,123
21,0.8,6,1.415,6,9.105618,65.076199,9.107796,0.800666,5.356634,0.802672,125
21,0.8,6,1.415,7,2.929663,19.591729,2.931705,1.229488,7.947897,1.231358,128
21,0.8,6,1.415,8,3.358686,21.824381,3.360807,3.558704,25.558285,3.560681,131
21,0.8,6,1.415,9,42.321278,321.976749,42.323268,3.234029,23.241547,3.235939,130
21,0.8,6,1.415,10,20.217552,151.583303,20.219736,4.02491,29.43377,4.026727,133
21,0.8,6,1.415,11,30.237621,228.363734,30.239583,20.70977,155.328215,20.711652,134
21,0.8,6,1.415,12,137.05381,1058.180696,137.055785,38.383991,288.280528,38.385842,134
21,0.8,6,1.415,13,169.491759,1318.143555,169.493814,20.350965,152.421989,20.352813,135
21,0.8,6,1.415,14,371.204244,2916.609857,371.206225,36.475351,274.377368,36.477225,135
21,0.8,6,1.415,15,145.123544,1119.072899,145.125789,96.724332,749.716039,96.726258,138
21,0.8,6,1.415,16,370.215387,2898.90877,370.217335,46.721661,341.026876,46.723583,137
21,0.8,6,1.415,17,767.637176,6045.49267,767.639278,533.06712,4196.499997,533.069189,136
21,0.8,6,1.415,18,858.776175,6771.024288,858.778215,32.128312,242.469872,32.130221,135
21,0.8,6,1.415,19,119.760727,931.30002,119.762719,19.213501,144.279438,19.215403,138
21,0.8,6,1.415,20,590.654465,4643.289521,590.657197,0.450139,2.970367,0.452113,136
21,0.8,7,1.415,1,0.019644,0.037097,0.0219,0.018231,0.03338,0.02018,112
21,0.8,7,1.415,2,0.207045,0.379592,0.209792,0.269106,0.424758,0.271496,114
21,0.8,7,1.415,3,0.35706,1.433207,0.359239,0.363683,1.526362,0.366057,117
21,0.8,7,1.415,4,0.512132,2.11607,0.514137,0.303199,1.783896,0.305083,122
21,0.8,7,1.415,5,1.323152,7.403786,1.325508,0.629114,4.199537,0.63098,125
21,0.8,7,1.415,6,1.992101,12.704888,1.994129,1.017988,6.867633,1.020006,126
21,0.8,7,1.415,7,7.748904,54.409728,7.751057,9.810167,72.265432,9.812571,128
21,0.8,7,1.415,8,10.767797,78.408598,10.769756,9.269435,68.917663,9.271333,131
21,0.8,7,1.415,9,55.972096,430.839319,55.974108,24.572641,185.915551,24.574553,130
21,0.8,7,1.415,10,63.944523,495.875367,63.94671,15.772957,116.474063,15.774815,132
21,0.8,7,1.415,11,541.52582,4262.472894,541.527943,38.114995,290.610268,38.118697,131
21,0.8,7,1.415,12,145.476568,1134.451079,145.478776,81.943654,631.957935,81.945652,134
21,0.8,7,1.415,13,406.173834,3186.401303,406.175813,370.39062,2903.415467,370.392499,134
21,0.8,7,1.415,14,105.368475,810.855548,105.37048,54.632671,415.075375,54.634701,136
21,0.8,7,1.415,15,945.83367,7451.765814,945.835896,501.137016,3800.568318,501.138961,134
21,0.8,7,1.415,16,596.316722,4690.027477,596.318889,656.024324,5158.365856,656.02632,135
21,0.8,7,1.415,17,1095.325273,8605.710001,1095.327537,1022.773092,7970.471694,1022.775668,135
21,0.8,7,1.415,18,1109.74583,8745.658087,1109.747893,389.660993,3050.941677,389.663021,135
21,0.8,7,1.415,19,736.42178,5733.34305,736.42386,215.365882,1678.760634,215.367777,136
21,0.8,7,1.415,20,522.630038,4100.078047,522.631979,6.952449,50.053397,6.954362,136
21,0.8,8,1.415,1,0.015451,0.024396,0.017467,0.019194,0.024397,0.021028,113
21,0.8,8,1.415,2,0.176058,0.276229,0.17854,0.187936,0.294787,0.190195,117
21,0.8,8,1.415,3,0.190822,0.510336,0.192915,0.192961,0.651843,0.194836,120
21,0.8,8,1.415,4,0.540541,1.821575,0.543366,0.304749,1.496868,0.306663,122
21,0.8,8,1.415,5,0.189139,0.694424,0.19126,0.206718,0.746423,0.208515,125
21,0.8,8,1.415,6,1.139118,4.772649,1.141294,0.813995,4.216926,0.815784,127
21,0.8,8,1.415,7,2.559302,15.157817,2.561241,1.45604,9.874718,1.457942,127
21,0.8,8,1.415,8,4.00928,26.990772,4.011265,1.009277,6.823791,1.011084,128
21,0.8,8,1.415,9,28.397891,212.516082,28.399885,16.667968,126.685429,16.669784,129
21,0.8,8,1.415,10,31.058533,235.588774,31.060639,11.942752,88.468594,11.944587,131
21,0.8,8,1.415,11,38.697474,294.437917,38.699483,3.269199,22.711635,3.271119,133
21,0.8,8,1.415,12,39.077032,299.023614,39.07905,11.799574,86.872907,11.801382,134
21,0.8,8,1.415,13,170.62497,1331.820992,170.627013,33.379961,254.15453,33.381858,133
21,0.8,8,1.415,14,222.406121,1739.414922,222.408195,176.424229,1383.718347,176.426272,134
21,0.8,8,1.415,15,105.420046,814.262121,105.422011,5.393462,38.319827,5.395321,135
21,0.8,8,1.415,16,101.524497,782.337122,101.526456,75.114396,577.847064,75.116336,135
21,0.8,8,1.415,17,117.720269,917.234335,117.722265,28.486643,214.786745,28.488493,136
21,0.8,8,1.415,18,108.814946,845.22953,108.816983,4.873471,33.859216,4.87548,136
21,0.8,8,1.415,19,211.503332,1647.23323,211.505437,230.291828,1795.319886,230.293728,137
21,0.8,8,1.415,20,131.92186,1024.16695,131.923831,36.695353,278.304974,36.697272,137
21,0.8,9,1.415,1,0.073855,0.114165,0.075797,0.074308,0.142182,0.076143,112
21,0.8,9,1.415,2,0.199095,0.410355,0.201936,0.172298,0.308341,0.174523,117
21,0.8,9,1.415,3,0.201049,0.596403,0.203081,0.193754,0.596592,0.195538,120
21,0.8,9,1.415,4,0.160657,0.422649,0.162578,0.17669,0.441462,0.178611,125
21,0.8,9,1.415,5,0.927813,5.462159,0.929821,0.205373,1.311621,0.207227,125
21,0.8,9,1.415,6,1.863224,12.017955,1.865155,0.835772,5.596863,0.837581,127
21,0.8,9,1.415,7,6.061848,41.93778,6.063862,1.558824,10.024896,1.560594,129
21,0.8,9,1.415,8,11.230427,81.902048,11.232402,10.921151,79.738063,10.922968,132
21,0.8,9,1.415,9,8.502277,58.733796,8.504428,7.675059,55.281158,7.676839,134
21,0.8,9,1.415,10,12.282873,89.661298,12.284991,16.795481,124.814957,16.797385,135
21,0.8,9,1.415,11,39.335027,303.551325,39.337116,39.306769,301.894202,39.308796,135
21,0.8,9,1.415,12,144.111259,1123.165549,144.113203,116.337381,898.116367,116.339396,135
21,0.8,9,1.415,13,877.164528,6918.260312,877.166482,13.782502,100.98382,13.784322,133
21,0.8,9,1.415,14,1240.131899,9803.853606,1240.133859,135.028592,1045.423436,135.030429,134
21,0.8,9,1.415,15,866.447323,6844.121989,866.449566,901.593523,7120.959137,901.595804,135
21,0.8,9,1.415,16,664.260696,5243.966928,664.262792,18.904091,139.961353,18.906119,135
21,0.8,9,1.415,17,242.025815,1886.845316,242.027761,73.244316,567.137939,73.246189,137
21,0.8,9,1.415,18,313.338442,2460.438217,313.340538,36.710496,279.108964,36.712459,137
21,0.8,9,1.415,19,433.948225,3414.432167,433.950256,128.63882,1001.386222,128.640686,137
21,0.8,9,1.415,20,385.472759,3026.556265,385.475051,19.139931,141.229429,19.141732,137
21,0.8,10,1.415,1,0.05694,0.165433,0.058869,0.053212,0.131094,0.055033,113
21,0.8,10,1.415,2,0.206639,0.389875,0.2092,0.180518,0.365001,0.182343,118
21,0.8,10,1.415,3,0.200069,0.875783,0.201971,0.209917,0.897067,0.21172,120
21,0.8,10,1.415,4,0.61597,2.969827,0.617963,0.487839,2.752492,0.489636,123
21,0.8,10,1.415,5,1.22671,7.730549,1.228774,0.710673,4.833495,0.71261,125
21,0.8,10,1.415,6,2.71627,16.706694,2.719051,1.721779,11.764642,1.723591,127
21,0.8,10,1.415,7,2.888733,19.428187,2.890781,1.713744,11.54899,1.715536,130
21,0.8,10,1.415,8,31.374891,237.110471,31.377053,26.9022,203.344966,26.904348,129
21,0.8,10,1.415,9,35.142975,270.297046,35.145023,11.548895,86.723722,11.550764,130
21,0.8,10,1.415,10,155.101287,1204.386947,155.103345,137.653472,1068.176573,137.655494,132
21,0.8,10,1.415,11,103.867495,801.59617,103.869436,20.756749,155.323742,20.758566,133
21,0.8,10,1.415,12,219.28129,1698.639972,219.283693,37.623251,286.748646,37.625147,133
21,0.8,10,1.415,13,176.00704,1372.688249,176.009235,53.467417,407.684671,53.469387,134
21,0.8,10,1.415,14,109.813626,850.34756,109.815669,16.955858,121.417697,16.957642,136
21,0.8,10,1.415,15,369.00265,2890.018141,369.004606,44.073433,335.81724,44.07551,135
21,0.8,10,1.415,16,340.124644,2668.747675,340.126697,26.768911,202.411431,26.770792,136
21,0.8,10,1.415,17,463.299117,3646.539581,463.301131,332.579068,2603.635396,332.581061,136
21,0.8,10,1.415,18,168.305936,1315.799246,168.307961,57.188383,426.169976,57.190374,137
21,0.8,10,1.415,19,273.690723,2145.897512,273.692719,49.027322,372.978147,49.029215,137
21,0.8,10,1.415,20,266.120637,2075.22514,266.122963,44.151626,333.479046,44.153544,136
21,0.8,11,1.415,1,0.020662,0.033893,0.022622,0.02562,0.036939,0.027449,111
21,0.8,11,1.415,2,0.240083,0.54287,0.242378,0.19727,0.506762,0.199048,114
21,0.8,11,1.415,3,0.178964,0.44589,0.181039,0.167861,0.402505,0.169686,119
21,0.8,11,1.415,4,0.21652,1.139535,0.218514,0.229734,1.157953,0.231505,121
21,0.8,11,1.415,5,0.708783,3.517221,0.710985,0.31129,1.784562,0.313157,122
21,0.8,11,1.415,6,1.346252,7.81492,1.348212,0.750262,4.892647,0.752034,125
21,0.8,11,1.415,7,2.792745,20.141452,2.794683,2.644906,19.452469,2.64672,129
21,0.8,11,1.415,8,12.530282,94.039003,12.532383,0.78765,5.403197,0.78969,129
21,0.8,11,1.415,9,13.459773,98.718609,13.461927,13.396657,95.601513,13.398566,132
21,0.8,11,1.415,10,14.026218,105.388682,14.028206,1.807796,12.426862,1.809728,133
21,0.8,11,1.415,11,46.724902,358.252621,46.726872,3.246479,21.701013,3.248356,134
21,0.8,11,1.415,12,30.848258,234.489211,30.850242,18.696762,139.11513,18.69884,136
21,0.8,11,1.415,13,87.296246,674.496901,87.298324,47.567203,360.945491,47.569055,135
21,0.8,11,1.415,14,347.862801,2732.790435,347.864879,191.118896,1478.299039,191.120753,134
21,0.8,11,1.415,15,91.601659,710.945592,91.603677,2.373906,15.226406,2.37582,137
21,0.8,11,1.415,16,375.762851,2893.261935,375.765003,56.762966,428.21367,56.772617,136
21,0.8,11,1.415,17,430.611703,3323.64469,430.613666,337.438626,2621.899416,337.440542,136
21,0.8,11,1.415,18,35.481703,263.947632,35.483766,32.865783,249.877849,32.867748,140
21,0.8,11,1.415,19,24.622136,183.8557,24.6241,20.914487,156.195446,20.916587,140
21,0.8,11,1.415,20,273.015671,2121.819822,273.017652,141.734815,1094.191849,141.736622,137
21,0.8,12,1.415,1,0.070106,0.192334,0.072268,0.090946,0.243804,0.092846,115
21,0.8,12,1.415,2,0.212687,1.116887,0.214635,0.316922,1.466158,0.318705,118
21,0.8,12,1.415,3,0.59293,3.22629,0.594875,0.340771,2.057772,0.343318,120
21,0.8,12,1.415,4,0.294067,1.26028,0.296127,0.270161,1.214967,0.272157,123
21,0.8,12,1.415,5,0.861031,3.098426,0.86299,0.594097,2.927323,0.596261,125
21,0.8,12,1.415,6,1.682748,11.127142,1.684708,1.006038,6.783215,1.007829,126
21,0.8,12,1.415,7,8.093523,57.583723,8.095558,1.976047,13.328496,1.977892,128
21,0.8,12,1.415,8,4.59221,33.412288,4.594129,1.419877,9.637223,1.421743,130
21,0.8,12,1.415,9,14.301356,101.435215,14.303325,2.471987,17.564086,2.473874,132
21,0.8,12,1.415,10,18.824731,139.548352,18.826696,2.87797,19.68989,2.879803,134
21,0.8,12,1.415,11,14.924357,109.446563,14.926277,0.794851,5.494308,0.796826,136
21,0.8,12,1.415,12,12.81867,95.539384,12.820636,7.016643,50.663999,7.018605,140
21,0.8,12,1.415,13,72.247034,556.564003,72.249019,22.107466,166.78058,22.109439,136
21,0.8,12,1.415,14,190.299983,1485.185944,190.30217,141.791338,1098.254226,141.793534,136
21,0.8,12,1.415,15,126.079347,979.784555,126.081377,19.651831,147.552061,19.653715,138
21,0.8,12,1.415,16,152.896103,1190.006489,152.898553,53.328077,403.116298,53.329937,138
21,0.8,12,1.415,17,388.14175,2993.847317,388.143795,49.810277,366.984317,49.812148,137
21,0.8,12,1.415,18,644.462284,5056.803705,644.464522,52.238136,399.495288,52.240175,136
21,0.8,12,1.415,19,338.318034,2649.430113,338.320127,5.072679,37.578512,5.074657,137
21,0.8,12,1.415,20,558.902928,4394.955086,558.904961,218.685602,1702.354312,218.687521,136
21,0.8,13,1.415,1,0.085707,0.197095,0.087685,0.111409,0.230273,0.113271,109
21,0.8,13,1.415,2,0.21101,0.416952,0.212956,0.176295,0.391904,0.178282,113
21,0.8,13,1.415,3,0.197264,0.59888,0.199271,0.199808,0.567781,0.201787,116
21,0.8,13,1.415,4,0.188951,0.606263,0.190959,0.197442,0.633423,0.199295,121
21,0.8,13,1.415,5,0.283229,1.107014,0.28589,0.38732,1.220126,0.389598,125
21,0.8,13,1.415,6,1.590609,8.758505,1.592664,1.142443,7.785576,1.144295,126
21,0.8,13,1.415,7,3.113544,21.239907,3.115553,2.011949,14.597576,2.013761,127
21,0.8,13,1.415,8,10.458591,74.93008,10.460562,2.74721,19.69963,2.749133,128
21,0.8,13,1.415,9,13.536506,97.283225,13.538555,1.441531,9.718648,1.443363,131
21,0.8,13,1.415,10,5.489906,39.0448,5.492267,2.543485,17.429879,2.545261,134
21,0.8,13,1.415,11,20.04982,149.682867,20.051888,19.234262,140.477147,19.236092,136
21,0.8,13,1.415,12,51.213976,393.08963,51.21615,4.139708,30.044361,4.141543,135
21,0.8,13,1.415,13,231.177641,1796.180872,231.179798,22.854708,171.882533,22.856844,135
21,0.8,13,1.415,14,172.226376,1338.97552,172.228358,35.89793,273.391569,35.899832,137
21,0.8,13,1.415,15,198.666542,1552.385816,198.668662,49.378181,378.425509,49.380205,137
21,0.8,13,1.415,16,358.255927,2816.385663,358.258004,309.627214,2416.027948,309.629106,136
21,0.8,13,1.415,17,93.178922,723.663532,93.181113,20.471061,151.086339,20.473123,138
21,0.8,13,1.415,18,163.259052,1261.190232,163.261108,135.075279,1036.792961,135.07718,137
21,0.8,13,1.415,19,55.291312,422.578609,55.293419,44.368462,338.561096,44.370794,139
21,0.8,13,1.415,20,223.823415,1743.405532,223.825538,148.928696,1154.905039,148.93064,137
21,0.8,14,1.415,1,0.130076,0.270064,0.133172,0.129185,0.26479,0.131012,110
21,0.8,14,1.415,2,0.138962,0.321838,0.140988,0.15501,0.327585,0.156835,115
21,0.8,14,1.415,3,0.197751,0.731663,0.19969,0.185439,0.62384,0.187298,118
21,0.8,14,1.415,4,0.202202,0.713793,0.204193,0.202163,0.718887,0.203936,120
21,0.8,14,1.415,5,1.114378,6.109577,1.116268,0.494419,3.19445,0.496265,123
21,0.8,14,1.415,6,1.763029,11.341938,1.765019,1.648421,11.44681,1.650341,126
21,0.8,14,1.415,7,4.923213,34.950854,4.925502,1.6419,10.439193,1.643759,127
21,0.8,14,1.415,8,17.146865,130.142234,17.148782,2.370539,15.331593,2.372364,129
21,0.8,14,1.415,9,38.639487,289.808876,38.648425,12.509358,92.18999,12.511193,130
21,0.8,14,1.415,10,86.307835,666.781833,86.309844,43.129533,327.110395,43.13139,132
21,0.8,14,1.415,11,112.684529,874.250752,112.686485,8.458152,61.30737,8.460186,134
21,0.8,14,1.415,12,175.832855,1365.048344,175.835072,123.773551,958.191456,123.775457,135
21,0.8,14,1.415,13,348.016128,2732.692561,348.018124,251.613879,1962.663851,251.615784,135
21,0.8,14,1.415,14,191.07016,1492.663742,191.07215,50.493236,387.078884,50.495121,137
21,0.8,14,1.415,15,121.981219,946.380797,121.983222,24.587919,184.867996,24.589788,138
21,0.8,14,1.415,16,71.392659,553.452529,71.394614,58.388197,449.66238,58.390223,139
21,0.8,14,1.415,17,98.652542,765.0009,98.654521,36.821964,281.54441,36.823804,140
21,0.8,14,1.415,18,176.604885,1366.06104,176.606933,50.048318,381.70838,50.050373,138
21,0.8,14,1.415,19,123.004956,953.693127,123.006953,63.231073,483.490815,63.232905,139
21,0.8,14,1.415,20,137.722563,1076.603254,137.724483,9.056449,66.19791,9.058231,138
21,0.8,15,1.415,1,0.120286,0.347504,0.122264,0.16855,0.296018,0.170789,111
21,0.8,15,1.415,2,0.125008,0.258511,0.127573,0.162935,0.272932,0.166697,115
21,0.8,15,1.415,3,0.21603,0.822216,0.21812,0.207361,0.700974,0.209337,121
21,0.8,15,1.415,4,0.747991,2.974522,0.753952,0.25557,1.514933,0.257674,123
21,0.8,15,1.415,5,1.710653,11.303997,1.712708,1.531413,11.076706,1.53323,126
21,0.8,15,1.415,6,1.073047,6.752447,1.075088,0.751468,4.944472,0.753334,129
21,0.8,15,1.415,7,5.567419,37.195918,5.569719,4.918918,36.102677,4.920733,130
21,0.8,15,1.415,8,8.39733,62.575024,8.399258,1.653264,11.688913,1.655254,131
21,0.8,15,1.415,9,3.4072,21.536319,3.409408,2.076894,13.9316,2.078722,134
21,0.8,15,1.415,10,20.773336,155.510645,20.775304,3.698313,26.207084,3.700192,134
21,0.8,15,1.415,11,41.525731,318.827785,41.527753,13.060391,96.447201,13.062229,135
21,0.8,15,1.415,12,60.243072,463.683954,60.246429,66.572245,509.291783,66.574147,136
21,0.8,15,1.415,13,92.706449,713.478381,92.708436,71.640659,549.192883,71.642607,136
21,0.8,15,1.415,14,308.654948,2408.323232,308.657067,53.802126,412.746445,53.804203,136
21,0.8,15,1.415,15,141.901532,1107.95081,141.904286,56.947017,426.481628,56.948954,137
21,0.8,15,1.415,16,163.900789,1275.876082,163.902757,5.489145,39.949873,5.491323,137
21,0.8,15,1.415,17,297.235893,2320.515362,297.23796,450.021507,3529.441498,450.02353,137
21,0.8,15,1.415,18,129.725683,1010.756208,129.727693,58.152103,443.23915,58.154056,138
21,0.8,15,1.415,19,255.711333,1988.957979,255.713324,265.71925,2074.102762,265.721184,138
21,0.8,15,1.415,20,982.372562,7752.890846,982.374695,114.471217,884.671121,114.473099,136
21,0.8,16,1.415,1,0.050909,0.134653,0.052814,0.089,0.21489,0.090844,111
21,0.8,16,1.415,2,0.219211,0.376029,0.221338,0.259635,0.378008,0.261735,115
21,0.8,16,1.415,3,0.20719,0.709227,0.209454,0.214141,0.689573,0.215965,117
21,0.8,16,1.415,4,0.615339,3.292387,0.617321,0.626966,3.314076,0.62923,120
21,0.8,16,1.415,5,0.664124,3.876389,0.666314,0.514618,3.387443,0.5166,124
21,0.8,16,1.415,6,1.780274,11.008373,1.782207,1.05992,7.149021,1.061862,125
21,0.8,16,1.415,7,3.063706,20.95798,3.065701,2.31194,15.958591,2.313806,126
21,0.8,16,1.415,8,13.526429,99.097247,13.529068,9.034447,64.014628,9.036299,128
21,0.8,16,1.415,9,12.606555,92.775218,12.608668,2.430391,16.563415,2.432284,131
21,0.8,16,1.415,10,5.827471,40.942677,5.829832,1.139959,7.746298,1.14178,134
21,0.8,16,1.415,11,56.921154,433.899499,56.923801,30.543168,231.482588,30.545047,134
21,0.8,16,1.415,12,110.937802,864.418917,110.940145,3.304316,23.896548,3.30618,134
21,0.8,16,1.415,13,58.546105,452.135158,58.548141,16.311732,120.290069,16.313779,136
21,0.8,16,1.415,14,24.308215,182.450453,24.310425,16.820782,125.210888,16.822775,138
21,0.8,16,1.415,15,77.674325,598.093946,77.67627,57.29067,434.067384,57.292543,137
21,0.8,16,1.415,16,136.532724,1054.647477,136.534764,132.885079,1029.663264,132.886995,137
21,0.8,16,1.415,17,262.960159,2054.680114,262.962301,127.054552,986.03986,127.056605,136
21,0.8,16,1.415,18,470.515493,3696.978785,470.517644,74.599297,577.447612,74.601151,135
21,0.8,16,1.415,19,425.860553,3325.202587,425.862522,486.840118,3813.529983,486.842084,136
21,0.8,16,1.415,20,123.06501,955.591015,123.067029,55.013813,420.922828,55.015733,138
21,0.8,17,1.415,1,0.042753,0.098238,0.044802,0.041691,0.09311,0.043557,113
21,0.8,17,1.415,2,0.169412,0.287321,0.171308,0.168849,0.284347,0.170642,116
21,0.8,17,1.415,3,0.241005,1.003961,0.243144,0.307113,1.120946,0.308897,120
21,0.8,17,1.415,4,0.169927,0.503456,0.172199,0.173298,0.54859,0.175085,124
21,0.8,17,1.415,5,0.553762,2.541645,0.555788,0.275483,1.713,0.277516,127
21,0.8,17,1.415,6,2.792472,19.290723,2.794452,0.275311,1.784101,0.277165,129
21,0.8,17,1.415,7,3.540541,24.206322,3.542697,1.591197,10.590409,1.593254,131
21,0.8,17,1.415,8,8.744763,61.016504,8.746709,5.92472,41.637098,5.926584,133
21,0.8,17,1.415,9,5.442148,39.030459,5.444108,3.182462,22.731196,3.184261,135
21,0.8,17,1.415,10,19.97629,151.286465,19.978346,1.670654,11.373417,1.67248,136
21,0.8,17,1.415,11,63.845555,492.577444,63.847468,29.118513,220.436,29.12031,136
21,0.8,17,1.415,12,43.615533,333.9761,43.617629,1.878873,10.990283,1.880734,137
21,0.8,17,1.415,13,53.180154,406.839108,53.18219,22.754614,170.329828,22.756589,138
21,0.8,17,1.415,14,176.010084,1373.192958,176.01213,47.336462,363.365689,47.33835,137
21,0.8,17,1.415,15,271.404668,2116.969509,271.406835,4.408064,32.460352,4.409951,136
21,0.8,17,1.415,16,124.782732,971.581324,124.784881,154.817461,1199.97543,154.819403,138
21,0.8,17,1.415,17,242.369568,1881.764223,242.371563,14.433444,94.426124,14.435451,138
21,0.8,17,1.415,18,233.903163,1795.174149,233.905137,44.461118,335.107331,44.463107,137
21,0.8,17,1.415,19,206.494598,1597.375929,206.496584,201.674898,1545.658715,201.676857,137
21,0.8,17,1.415,20,394.572219,3084.681512,394.575379,34.075488,257.47868,34.077342,137
21,0.8,18,1.415,1,0.058745,0.158733,0.060748,0.073989,0.187742,0.075791,112
21,0.8,18,1.415,2,0.200825,0.383665,0.204974,0.129608,0.32655,0.131467,117
21,0.8,18,1.415,3,0.161672,0.632942,0.163689,0.173651,0.686268,0.175457,119
21,0.8,18,1.415,4,0.863879,4.653412,0.865869,0.62665,3.768238,0.628475,122
21,0.8,18,1.415,5,1.683342,11.299703,1.685414,1.508147,10.366969,1.509994,124
21,0.8,18,1.415,6,2.95533,20.84413,2.957343,1.360792,9.206551,1.362645,127
21,0.8,18,1.415,7,13.110651,97.525201,13.112566,1.328376,9.251299,1.330184,127
21,0.8,18,1.415,8,13.280102,98.839964,13.282079,12.825317,96.52018,12.827137,131
21,0.8,18,1.415,9,14.013027,103.442564,14.014977,3.430418,21.999874,3.432328,134
21,0.8,18,1.415,10,36.671168,276.283503,36.673118,31.776016,240.995013,31.777913,134
21,0.8,18,1.415,11,238.370337,1856.547265,238.372351,4.234856,30.344262,4.236848,132
21,0.8,18,1.415,12,110.072389,847.205549,110.074714,43.047207,311.825961,43.04917,135
21,0.8,18,1.415,13,87.088405,670.02811,87.090789,10.058632,72.915568,10.060458,136
21,0.8,18,1.415,14,71.151368,553.668572,71.153511,4.427512,32.920758,4.42941,138
21,0.8,18,1.415,15,130.130789,1006.7732,130.133015,27.411727,205.59022,27.413583,138
21,0.8,18,1.415,16,246.850016,1919.356597,246.852057,119.664797,907.786476,119.66673,137
21,0.8,18,1.415,17,221.660685,1726.126246,221.663031,152.090343,1164.19321,152.092199,138
21,0.8,18,1.415,18,115.695396,869.159197,115.697435,39.613437,302.031428,39.615348,139
21,0.8,18,1.415,19,56.985123,425.352425,56.987169,30.339151,225.100294,30.341055,140
21,0.8,18,1.415,20,41.908539,309.771705,41.910535,18.186489,131.26186,18.18839,139
21,0.8,19,1.415,1,0.099941,0.330512,0.102191,0.071449,0.111405,0.07397,111
21,0.8,19,1.415,2,0.204009,0.748873,0.207024,0.182425,0.387876,0.184211,116
21,0.8,19,1.415,3,0.303299,0.559281,0.308355,0.241498,0.51464,0.243541,120
21,0.8,19,1.415,4,0.56788,1.715919,0.569843,0.465341,1.498071,0.467099,123
21,0.8,19,1.415,5,0.583814,3.267972,0.585785,0.23902,1.48021,0.241291,125
21,0.8,19,1.415,6,1.535136,9.47208,1.537069,1.283561,8.510041,1.285381,127
21,0.8,19,1.415,7,9.7988,70.57904,9.80084,1.419473,9.288583,1.421261,128
21,0.8,19,1.415,8,3.164512,22.502767,3.166417,0.690435,4.665265,0.69227,132
21,0.8,19,1.415,9,44.749071,337.99294,44.751185,13.872668,102.395091,13.874458,133
21,0.8,19,1.415,10,56.646795,435.274683,56.648762,2.450731,16.86012,2.452593,134
21,0.8,19,1.415,11,20.909404,155.427211,20.919674,6.220708,43.847781,6.222558,137
21,0.8,19,1.415,12,26.493483,200.032718,26.495543,1.209081,8.209868,1.210993,137
21,0.8,19,1.415,13,81.906637,638.011475,81.908605,46.563582,356.343002,46.565539,139
21,0.8,19,1.415,14,249.204897,1948.359998,249.206894,46.933312,358.073729,46.935228,137
21,0.8,19,1.415,15,53.843448,414.090301,53.845695,2.606332,17.843661,2.60823,139
21,0.8,19,1.415,16,45.274916,348.434664,45.277114,23.406814,173.868371,23.408747,141
21,0.8,19,1.415,17,32.630347,249.1507,32.632511,21.119956,157.261864,21.121848,141
21,0.8,19,1.415,18,71.186336,550.012663,71.188282,16.529122,122.682665,16.531029,139
21,0.8,19,1.415,19,81.402334,627.423042,81.404335,31.925657,242.98369,31.927591,139
21,0.8,19,1.415,20,100.830642,778.031454,100.832826,76.124927,586.347872,76.126883,139
21,0.8,21,1.415,1,0.039571,0.101879,0.041555,0.036342,0.09019,0.038254,111
21,0.8,21,1.415,2,0.29952,0.876357,0.301493,0.191155,0.673058,0.192976,115
21,0.8,21,1.415,3,0.168938,0.413088,0.170855,0.370686,0.749504,0.372531,120
21,0.8,21,1.415,4,0.373503,1.455609,0.380492,0.307269,1.285968,0.309226,123
21,0.8,21,1.415,5,0.951015,4.581679,0.95318,0.616783,3.902052,0.619002,125
21,0.8,21,1.415,6,2.847391,13.658446,2.84963,0.790187,5.169636,0.792206,127
21,0.8,21,1.415,7,2.857333,18.490819,2.859382,2.353555,16.555004,2.355515,129
21,0.8,21,1.415,8,3.324812,20.394161,3.326841,1.370465,9.036253,1.372316,130
21,0.8,21,1.415,9,5.361618,36.843059,5.363677,4.044123,29.267075,4.045922,132
21,0.8,21,1.415,10,15.250172,112.39826,15.25231,3.932787,27.600847,3.934606,132
21,0.8,21,1.415,11,27.178932,196.395837,27.180949,10.757534,79.93051,10.759399,133
21,0.8,21,1.415,12,32.581488,247.404713,32.58409,16.29963,120.094874,16.302048,135
21,0.8,21,1.415,13,51.952857,395.847355,51.954799,19.200095,143.209712,19.201931,136
21,0.8,21,1.415,14,47.546911,360.874459,47.54889,21.569052,161.463184,21.570868,138
21,0.8,21,1.415,15,54.164337,411.967271,54.16627,4.361469,31.73187,4.363319,138
21,0.8,21,1.415,16,186.594774,1453.25404,186.596689,17.814838,130.909343,17.816612,137
21,0.8,21,1.415,17,92.978924,722.144006,92.980916,53.574879,407.290616,53.576799,138
21,0.8,21,1.415,18,251.146648,1953.424191,251.148794,18.469006,135.756555,18.470846,137
21,0.8,21,1.415,19,36.026884,273.320648,36.028925,5.141383,37.268795,5.143245,140
21,0.8,21,1.415,20,42.823324,323.435384,42.825299,40.715469,309.856823,40.717423,140
21,0.8,22,1.415,1,0.091271,0.185141,0.093476,0.148054,0.186977,0.150272,114
21,0.8,22,1.415,2,0.183351,0.383325,0.185385,0.187729,0.373072,0.189607,119
21,0.8,22,1.415,3,0.26325,0.804026,0.265274,0.416679,0.979222,0.41855,120
21,0.8,22,1.415,4,0.555092,2.453807,0.557468,0.419669,1.959339,0.421493,123
21,0.8,22,1.415,5,1.70057,8.273899,1.702491,1.049851,6.755175,1.051682,125
21,0.8,22,1.415,6,1.240393,7.724958,1.242404,1.093013,7.43552,1.094854,127
21,0.8,22,1.415,7,3.032827,18.002823,3.034884,1.504707,9.71478,1.50667,129
21,0.8,22,1.415,8,11.094517,82.182552,11.096532,1.95755,13.453616,1.959419,130
21,0.8,22,1.415,9,42.448119,323.106477,42.450096,21.784406,164.706324,21.786307,131
21,0.8,22,1.415,10,27.89359,197.44862,27.895553,14.885303,110.486935,14.887407,133
21,0.8,22,1.415,11,67.750536,521.92175,67.75246,13.965042,103.801195,13.967216,133
21,0.8,22,1.415,12,63.774776,492.426535,63.776747,17.161423,127.700441,17.16326,135
21,0.8,22,1.415,13,89.647541,688.319554,89.649866,4.590005,31.869635,4.591861,137
21,0.8,22,1.415,14,77.55429,596.911162,77.556287,4.070208,29.724689,4.071984,138
21,0.8,22,1.415,15,50.08287,384.100344,50.08524,24.643905,182.83991,24.645784,140
21,0.8,22,1.415,16,27.321281,205.852331,27.323251,29.32676,222.376732,29.328582,142
21,0.8,22,1.415,17,24.516146,183.895841,24.518127,1.523014,10.345764,1.524827,142
21,0.8,22,1.415,18,55.344121,426.361983,55.346079,51.483408,394.607651,51.485407,140
21,0.8,22,1.415,19,71.856081,551.798668,71.858487,47.997811,366.176784,47.999766,140
21,0.8,22,1.415,20,225.052765,1742.371626,225.055309,37.340052,283.347542,37.341883,138
21,0.8,23,1.415,1,0.029579,0.063745,0.031487,0.032919,0.069471,0.034679,112
21,0.8,23,1.415,2,0.128296,0.251591,0.130462,0.124464,0.206236,0.126718,116
21,0.8,23,1.415,3,0.23712,0.516339,0.239108,0.201894,0.477737,0.203803,120
21,0.8,23,1.415,4,0.378793,1.509247,0.380745,0.232286,1.182905,0.234108,123
21,0.8,23,1.415,5,0.309806,1.690007,0.311768,0.324945,1.764084,0.326744,126
21,0.8,23,1.415,6,1.931814,13.306481,1.933757,1.243589,8.506008,1.245415,128
21,0.8,23,1.415,7,2.995649,21.748048,2.997886,7.759501,57.621092,7.761397,130
21,0.8,23,1.415,8,10.240539,75.527135,10.242527,2.781154,19.48151,2.783039,130
21,0.8,23,1.415,9,14.436056,105.786336,14.438078,0.927739,6.293249,0.929559,132
21,0.8,23,1.415,10,56.122807,430.782024,56.124828,105.072257,812.729,105.074189,132
21,0.8,23,1.415,11,183.704506,1419.370294,183.706748,39.669109,300.969994,39.671,133
21,0.8,23,1.415,12,137.002349,1059.30489,137.004528,44.203803,335.851909,44.205776,134
21,0.8,23,1.415,13,375.847164,2940.278909,375.850401,39.25627,296.204705,39.258096,133
21,0.8,23,1.415,14,211.009096,1643.347674,211.011115,5.999568,41.714201,6.001373,134
21,0.8,23,1.415,15,415.697721,3259.496942,415.699823,53.374652,407.666622,53.376703,134
21,0.8,23,1.415,16,798.009898,6277.230628,798.011885,714.260481,5605.072879,714.262647,134
21,0.8,23,1.415,17,201.035533,1566.080921,201.037843,23.635101,171.913173,23.637055,136
21,0.8,23,1.415,18,119.164477,925.927544,119.1665,143.178572,1112.746542,143.180523,137
21,0.8,23,1.415,19,178.082394,1379.673709,178.084664,158.779394,1226.003031,158.781498,137
21,0.8,23,1.415,20,432.894198,3391.490224,432.896327,206.246686,1601.086597,206.24878,136
21,0.8,24,1.415,1,0.101598,0.249676,0.103641,0.107249,0.368229,0.109109,110
21,0.8,24,1.415,2,0.248789,0.485359,0.255059,0.182304,0.435829,0.184397,114
21,0.8,24,1.415,3,0.262154,0.993041,0.264653,0.238168,0.986605,0.24067,118
21,0.8,24,1.415,4,0.232396,1.170908,0.234381,0.272718,1.210027,0.274532,122
21,0.8,24,1.415,5,1.45041,7.785385,1.452886,0.298042,1.976817,0.299918,125
21,0.8,24,1.415,6,1.764303,10.099485,1.766307,1.143952,7.496552,1.145985,129
21,0.8,24,1.415,7,2.804244,18.831361,2.806444,2.205922,15.67053,2.207794,130
21,0.8,24,1.415,8,13.020161,96.613315,13.022127,2.590585,18.729783,2.59251,130
21,0.8,24,1.415,9,23.402758,175.84378,23.404779,3.860047,25.880365,3.86239,132
21,0.8,24,1.415,10,44.126339,335.122866,44.128324,44.216882,336.561186,44.218734,134
21,0.8,24,1.415,11,20.912197,156.039372,20.914385,20.703979,152.275574,20.705853,135
21,0.8,24,1.415,12,30.930313,234.789758,30.932325,5.303452,38.328823,5.30531,136
21,0.8,24,1.415,13,421.26038,3301.505452,421.262404,202.925717,1576.394672,202.927754,134
21,0.8,24,1.415,14,232.66011,1815.330565,232.662224,117.819699,911.380092,117.821594,136
21,0.8,24,1.415,15,209.73781,1637.368553,209.739839,55.893953,426.397572,55.895921,136
21,0.8,24,1.415,16,249.024196,1938.049072,249.026212,23.385539,173.513441,23.387449,137
21,0.8,24,1.415,17,350.58324,2744.337295,350.585294,56.408891,430.707382,56.411,136
21,0.8,24,1.415,18,401.938826,3142.920892,401.940907,354.080233,2775.218314,354.08204,137
21,0.8,24,1.415,19,176.086235,1374.356463,176.088552,61.576869,470.227125,61.578883,138
21,0.8,24,1.415,20,131.139989,1017.854772,131.142047,23.073234,164.949266,23.075131,138
21,0.8,25,1.415,1,0.156296,0.412616,0.158343,0.156968,0.366786,0.158746,111
21,0.8,25,1.415,2,0.241417,0.847482,0.243759,0.36266,1.128106,0.364544,114
21,0.8,25,1.415,3,0.315808,0.948664,0.317954,0.192307,0.793775,0.19413,117
21,0.8,25,1.415,4,0.570063,2.149626,0.572039,0.400179,1.942489,0.40214,122
21,0.8,25,1.415,5,2.293119,14.294557,2.295089,1.792837,12.370983,1.794659,123
21,0.8,25,1.415,6,11.061942,81.408071,11.064074,10.397536,76.539381,10.399319,124
21,0.8,25,1.415,7,12.262922,90.152139,12.264922,1.548137,10.535168,1.550121,127
21,0.8,25,1.415,8,35.55838,268.488213,35.560463,11.162802,82.619947,11.164664,128
21,0.8,25,1.415,9,22.648001,169.107998,22.649981,3.43461,24.130895,3.436457,130
21,0.8,25,1.415,10,89.081559,682.582089,89.083507,50.873708,389.470096,50.875617,132
